IncidentID,AgencyORI,AgencyName,IncidentStatusDesc,County,RdwyNumber,Street,RoadwayName,StreetSfx,StreetDir,IntersectionRdwy,IntersectionRdwyName,BetweenStRdwy1,BetweenStRdwyName1,BetweenStRdwy2,BetweenStRdwyName2,Latitude,Longitude,Milepoint,CollisionDate,CollisionTime,UnitsInvolved,MotorVehiclesInvolved,NumberKilled,NumberInjured,Weather,RdwyConditionCode,HitandRun,DirAnalysisCode,MannerofCollision,RdwyCharacter,LightCondition,RampFromRdwyId,RampToRdwyId,AcceptedDate,IsSecondaryCollision,OwnerBadge,IncidentStatus
30760196,0568000,LOUISVILLE METRO POLICE DEPT,Accepted,JEFFERSON,,,4TH,ST,S,,GAULBERT,,,,,38.22469059,-85.76213641,2.223,44865,2046,2,1,0,1,RAINING,WET,FALSE,COLLISION WITH BICYCLE IN INTERSECTION,SINGLE VEHICLE,STRAIGHT & LEVEL,DARK-HWY LIGHTED/ON,,,44866.31967,FALSE,5372,Accepted
30736676,0568000,LOUISVILLE METRO POLICE DEPT,Accepted,JEFFERSON,US0150,,BROADWAY,,W,,4TH,,,,,38.24611214,-85.75835882,2.38,44860,0550,2,1,0,1,CLOUDY,WET,FALSE,COLLISION WITH BICYCLE IN INTERSECTION,SINGLE VEHICLE,STRAIGHT & LEVEL,DARK-HWY LIGHTED/ON,,,44860.42154,FALSE,5407,Accepted
30740838,0568000,LOUISVILLE METRO POLICE DEPT,Accepted,JEFFERSON,KY0155,,TAYLORSVILLE,RD,,I 0264,I264 EB EXIT17A OFF RAMP TO KY155 SB,,,,,38.22126967,-85.64888042,14.581,44860,2052,2,1,0,0,CLEAR,DRY,FALSE,COLLISION WITH BICYCLE IN INTERSECTION,SINGLE VEHICLE,STRAIGHT & LEVEL,DARK (UNKNOWN ROADWAY LIGHTING),,,44861.32621,FALSE,5326,Accepted
30726423,0568000,LOUISVILLE METRO POLICE DEPT,Accepted,JEFFERSON,US0042,,MELLWOOD,AVE,,,,,,,,38.25638841,-85.72111234,0.675,44855,1702,2,1,0,0,CLEAR,DRY,FALSE,COLLISION WITH PEDESTRIAN NON - INTERSECTION,SINGLE VEHICLE,STRAIGHT & LEVEL,DAYLIGHT,,,44858.3207,FALSE,5354,Accepted
30726565,0568000,LOUISVILLE METRO POLICE DEPT,Accepted,JEFFERSON,KY1865,,NEW CUT,RD,,,KENWOOD,,,,,38.16161384,-85.77917151,3.775,44855,2235,2,1,0,1,CLEAR,DRY,FALSE,COLLISION WITH BICYCLE IN INTERSECTION,SINGLE VEHICLE,STRAIGHT & LEVEL,DARK-HWY LIGHTED/ON,,,44858.32875,FALSE,5321,Accepted
30765019,0568000,LOUISVILLE METRO POLICE DEPT,Accepted,JEFFERSON,US0031E,,BARDSTOWN,RD,,,,,,,,38.20737147,-85.66823873,11.699,44852,1439,2,1,0,0,CLOUDY,DRY,FALSE,COLLISION WITH PEDESTRIAN NON - INTERSECTION,SINGLE VEHICLE,STRAIGHT & LEVEL,DAYLIGHT,,,44867.31645,FALSE,5415,Accepted
30706759,0568000,LOUISVILLE METRO POLICE DEPT,Accepted,JEFFERSON,KY1931,,ST ANDREWS CHURCH,RD,,,OAKBURN,,,,,38.14637468,-85.83059831,3.697,44852,1458,2,1,0,1,CLEAR,DRY,FALSE,COLLISION WITH BICYCLE IN INTERSECTION,SINGLE VEHICLE,STRAIGHT & LEVEL,DAYLIGHT,,,44853.31614,FALSE,7362,Accepted
30741545,0560400,SHIVELY POLICE DEPARTMENT,Accepted,JEFFERSON,I 0264,,,,,,,,,,,38.18714913,-85.81160536,0.406,44852,1933,2,1,0,1,CLEAR,DRY,FALSE,OTHER RAMP RELATED COLLISIONS NOT LISTED ABOVE,SINGLE VEHICLE,CURVE & LEVEL,DARK-HWY LIGHTED/ON,I 0264,US31W N,44861.442,FALSE,7152,Accepted
30702266,0568000,LOUISVILLE METRO POLICE DEPT,Accepted,JEFFERSON,KY1865,,TAYLOR,BLVD,,,BEECHER,,,,,38.19165548,-85.78324358,5.875,44851,2130,2,1,0,1,CLOUDY,DRY,TRUE,COLLISION WITH BICYCLE IN INTERSECTION,SINGLE VEHICLE,STRAIGHT & LEVEL,DARK-HWY LIGHTED/OFF,,,44852.35395,FALSE,7426,Accepted
30697605,0568000,LOUISVILLE METRO POLICE DEPT,Accepted,JEFFERSON,,,1ST,ST,S,,,,,,,38.23455786,-85.75540145,1.501,44849,1056,2,1,0,1,CLEAR,DRY,FALSE,COLLISION WITH BICYCLIST NON INTERSECTION,SINGLE VEHICLE,STRAIGHT & LEVEL,DAYLIGHT,,,44851.31244,FALSE,5258,Accepted
30688316,0568000,LOUISVILLE METRO POLICE DEPT,Accepted,JEFFERSON,US0042,,MELLWOOD,AVE,,I 0064,I64 W EXIT7 OFF RAMP TO  MELLWOOD AVE,,,,,38.25652919,-85.72094654,0.689,44847,1616,2,1,0,1,CLEAR,DRY,FALSE,COLLISION WITH BICYCLE IN INTERSECTION,SINGLE VEHICLE,STRAIGHT & LEVEL,DAYLIGHT,,,44848.41354,FALSE,7128,Accepted
30667671,0561000,JEFFERSONTOWN POLICE DEPT,Accepted,JEFFERSON,,,STONY BROOK,DR,,,,,,,,38.21668553,-85.59920039,0.15,44843,1818,2,1,0,0,CLEAR,DRY,FALSE,COLLISION WITH BICYCLIST NON INTERSECTION,SINGLE VEHICLE,STRAIGHT & LEVEL,DAYLIGHT,,,44843.96883,FALSE,8265,Accepted
30669307,0568000,LOUISVILLE METRO POLICE DEPT,Accepted,JEFFERSON,,,CHESTNUT,ST,W,,16TH,,,,,38.25112483,-85.77777431,1.271,44842,1110,2,1,0,0,CLEAR,DRY,FALSE,COLLISION WITH BICYCLE IN INTERSECTION,SINGLE VEHICLE,STRAIGHT & LEVEL,DAYLIGHT,,,44844.3418,FALSE,5388,Accepted
30679416,0568000,LOUISVILLE METRO POLICE DEPT,Accepted,JEFFERSON,I 0264,,,,,,,,,,,38.19632097,-85.70773893,0.25,44839,1342,2,1,0,1,CLEAR,DRY,FALSE,OTHER RAMP RELATED COLLISIONS NOT LISTED ABOVE,SINGLE VEHICLE,STRAIGHT & LEVEL,DAYLIGHT,I 0264,KY0864,44846.39156,FALSE,7938,Accepted
30654679,0568000,LOUISVILLE METRO POLICE DEPT,Accepted,JEFFERSON,,,WOLF PEN BRANCH,RD,,US0042,US42,,,,,38.32140597,-85.62223517,0.666,44839,1630,2,1,0,1,CLEAR,DRY,FALSE,COLLISION WITH BICYCLE IN INTERSECTION,SINGLE VEHICLE,STRAIGHT & LEVEL,DAYLIGHT,,,44840.3204,FALSE,7631,Accepted
30650186,0568000,LOUISVILLE METRO POLICE DEPT,Accepted,JEFFERSON,,,LAMPTON,ST,,KY0864,LOGAN,,,,,38.24120989,-85.7387874,0.509,44838,2128,2,1,0,1,CLEAR,DRY,FALSE,COLLISION WITH BICYCLE IN INTERSECTION,SINGLE VEHICLE,STRAIGHT & LEVEL,DARK-HWY LIGHTED/ON,,,44839.3117,FALSE,5372,Accepted
30648167,0560400,SHIVELY POLICE DEPARTMENT,Accepted,JEFFERSON,KY2049,2211,CRUMS,LN,,,,,,,,38.1944999,-85.81306161,1.384,44837,2111,2,1,0,1,CLEAR,DRY,FALSE,COLLISION WITH BICYCLIST NON INTERSECTION,SINGLE VEHICLE,STRAIGHT & LEVEL,DARK-HWY LIGHTED/ON,,,44838.7135,FALSE,7135,Accepted
30674476,0568000,LOUISVILLE METRO POLICE DEPT,Accepted,JEFFERSON,KY2054,,ALGONQUIN,PKWY,,KY1934,CANE RUN,,,,,38.22442168,-85.80930268,0.718,44835,1000,2,1,0,1,CLEAR,DRY,FALSE,COLLISION WITH BICYCLE IN INTERSECTION,SINGLE VEHICLE,STRAIGHT & LEVEL,DAYLIGHT,,,44845.31174,FALSE,5181,Accepted
30654692,0568000,LOUISVILLE METRO POLICE DEPT,Accepted,JEFFERSON,KY1065,2200,OUTER,LOOP,,,,,,,,38.13265984,-85.72616727,3.819,44832,0529,2,1,0,1,CLEAR,DRY,FALSE,COLLISION WITH BICYCLIST NON INTERSECTION,SINGLE VEHICLE,STRAIGHT & LEVEL,DARK (UNKNOWN ROADWAY LIGHTING),,,44840.32116,FALSE,5410,Accepted
30616192,0568000,LOUISVILLE METRO POLICE DEPT,Accepted,JEFFERSON,,10502,KEYS FERRY,RD,,,,,,,,38.10157274,-85.77190433,1.01,44830,2023,2,1,0,0,CLEAR,DRY,TRUE,COLLISION WITH BICYCLIST NON INTERSECTION,SINGLE VEHICLE,STRAIGHT & LEVEL,DARK-HWY LIGHTED/ON,,,44831.3453,FALSE,5209,Accepted
30611302,0568000,LOUISVILLE METRO POLICE DEPT,Accepted,JEFFERSON,,,JEFFERSON,ST,E,,FLOYD,,,,,38.25286861,-85.74840008,0.846,44829,0013,2,1,0,1,CLEAR,DRY,FALSE,COLLISION WITH BICYCLE IN INTERSECTION,SINGLE VEHICLE,STRAIGHT & LEVEL,DARK-HWY LIGHTED/ON,,,44830.3652,FALSE,5318,Accepted
30595744,0568000,LOUISVILLE METRO POLICE DEPT,Accepted,JEFFERSON,,,32ND,ST,S,,KENTUCKY,,,,,38.24420417,-85.80596595,1.215,44825,1218,2,1,0,1,CLEAR,DRY,TRUE,COLLISION WITH BICYCLE IN INTERSECTION,SINGLE VEHICLE,STRAIGHT & LEVEL,DAYLIGHT,,,44826.34684,FALSE,5280,Accepted
30595786,0568000,LOUISVILLE METRO POLICE DEPT,Accepted,JEFFERSON,,,LINDBERGH,DR,,KY2054,ALGONQUIN,,,,,38.21591486,-85.77434257,0.001,44825,2000,2,1,0,1,CLEAR,DRY,FALSE,COLLISION WITH BICYCLE IN INTERSECTION,SINGLE VEHICLE,STRAIGHT & LEVEL,DUSK,,,44826.34954,FALSE,5420,Accepted
30600942,0568000,LOUISVILLE METRO POLICE DEPT,Accepted,JEFFERSON,US0031W,13210,DIXIE,HWY,,,,,,,,38.0638448,-85.88588342,5.404,44825,1618,2,1,0,0,CLEAR,DRY,FALSE,COLLISION WITH BICYCLIST NON INTERSECTION,SINGLE VEHICLE,STRAIGHT & LEVEL,DAYLIGHT,,,44827.34813,FALSE,7685,Accepted
30586041,0568000,LOUISVILLE METRO POLICE DEPT,Accepted,JEFFERSON,,,SOUTHERN,PKWY,,,AUBURNDALE,,,,,38.17361197,-85.77611101,0.724,44823,1130,6,1,0,0,CLEAR,DRY,FALSE,COLLISION WITH BICYCLE IN INTERSECTION,SINGLE VEHICLE,STRAIGHT & LEVEL,DAYLIGHT,,,44824.35086,FALSE,5459,Accepted
30611195,0568000,LOUISVILLE METRO POLICE DEPT,Accepted,JEFFERSON,,,SHERRIN,AVE,S,,GRANDVIEW,,,,,38.25067743,-85.64799286,0.142,44820,1923,2,1,0,0,CLEAR,DRY,FALSE,COLLISION WITH BICYCLE IN INTERSECTION,SINGLE VEHICLE,STRAIGHT & LEVEL,DAYLIGHT,,,44830.36124,FALSE,7483,Accepted
30580881,0568000,LOUISVILLE METRO POLICE DEPT,Accepted,JEFFERSON,,,SCENIC,LOOP,,,,,BARNEY,,BONNYCASTLE,38.23864099,-85.69624254,0.85,44820,1626,2,1,0,1,CLOUDY,DRY,FALSE,COLLISION WITH BICYCLIST NON INTERSECTION,SINGLE VEHICLE,CURVE & GRADE,DAYLIGHT,,,44823.36799,FALSE,7960,Accepted
30571070,0568000,LOUISVILLE METRO POLICE DEPT,Accepted,JEFFERSON,,,HILL,ST,W,KY1020,2ND,,,,,38.22562765,-85.75860097,0.09,44819,1344,2,1,0,1,CLEAR,DRY,FALSE,COLLISION WITH BICYCLE IN INTERSECTION,SINGLE VEHICLE,STRAIGHT & LEVEL,DAYLIGHT,,,44820.36342,FALSE,5186,Accepted
30581317,0560400,SHIVELY POLICE DEPARTMENT,Accepted,JEFFERSON,US0031W,2401,DIXIE,HWY,,,,,,,,38.21598018,-85.79544251,17.127,44819,1644,2,1,0,0,CLEAR,DRY,FALSE,COLLISION WITH BICYCLIST NON INTERSECTION,SINGLE VEHICLE,STRAIGHT & LEVEL,DAYLIGHT,,,44823.41437,FALSE,7105,Accepted
30580844,0568000,LOUISVILLE METRO POLICE DEPT,Accepted,JEFFERSON,,,FRANKFORT,AVE,,,,,,,,38.26017755,-85.7225867,0.087,44817,0803,2,1,0,1,CLEAR,DRY,FALSE,COLLISION WITH BICYCLIST NON INTERSECTION,SINGLE VEHICLE,STRAIGHT & LEVEL,DAYLIGHT,,,44823.36661,FALSE,2738,Accepted
30551077,0568000,LOUISVILLE METRO POLICE DEPT,Accepted,JEFFERSON,,,HILL,ST,W,,1ST,,,,,38.22547267,-85.75695594,0.001,44815,2020,2,1,0,1,RAINING,WET,FALSE,COLLISION WITH BICYCLE IN INTERSECTION,SINGLE VEHICLE,STRAIGHT & LEVEL,DARK-HWY LIGHTED/ON,,,44816.37395,FALSE,5372,Accepted
30560897,0568000,LOUISVILLE METRO POLICE DEPT,Accepted,JEFFERSON,,,NORRIS,PL,,,DEERWOOD,,,,,38.22698007,-85.70841093,0.393,44815,1930,2,1,0,1,CLEAR,DRY,FALSE,COLLISION WITH BICYCLE IN INTERSECTION,SINGLE VEHICLE,STRAIGHT & HILLCREST,DAWN,,,44818.34747,FALSE,5327,Accepted
30537112,0561500,UNIV. OF LOUISVILLE POLICE,Accepted,JEFFERSON,,,5TH,ST,S,,LEE,,,,,38.22358663,-85.76401466,2.338,44811,1115,1,0,0,1,CLEAR,DRY,TRUE,ANGLE COLLISION - OTHER,ANGLE,STRAIGHT & GRADE,DAYLIGHT,,,44812.43965,FALSE,5717,Accepted
30521655,0560400,SHIVELY POLICE DEPARTMENT,Accepted,JEFFERSON,KY2051,2300B,ROCKFORD,LN,,,,,QUINN,,DUANE,38.1762627,-85.83945505,0.899,44808,1959,2,1,0,1,CLEAR,DRY,FALSE,COLLISION WITH BICYCLIST NON INTERSECTION,SINGLE VEHICLE,STRAIGHT & LEVEL,DUSK,,,44809.22733,FALSE,7137,Accepted
30519484,0560300,ST. MATTHEWS POLICE DEPARTMENT,Accepted,JEFFERSON,KY1932,100,CHENOWETH,LN,,,,,,,,38.25336532,-85.65575276,5.566,44807,1240,2,1,0,0,CLOUDY,DRY,FALSE,COLLISION WITH BICYCLIST NON INTERSECTION,SINGLE VEHICLE,STRAIGHT & LEVEL,DAYLIGHT,,,44808.54729,FALSE,9155,Accepted
30512587,0568000,LOUISVILLE METRO POLICE DEPT,Accepted,JEFFERSON,KY1934,,CANE RUN,RD,,,TEAKWOOD,,,,,38.18740975,-85.85163448,8.043,44805,1807,2,1,0,1,CLEAR,DRY,TRUE,COLLISION WITH BICYCLE IN INTERSECTION,SINGLE VEHICLE,STRAIGHT & LEVEL,DAYLIGHT,,,44806.30098,FALSE,5208,Accepted
30496921,0568000,LOUISVILLE METRO POLICE DEPT,Accepted,JEFFERSON,,,DAVIES,AVE,,,7TH,,,,,38.22416429,-85.77102265,0.007,44797,1654,2,1,0,0,CLEAR,DRY,FALSE,COLLISION WITH BICYCLE IN INTERSECTION,SINGLE VEHICLE,STRAIGHT & LEVEL,DAYLIGHT,,,44803.33694,FALSE,5287,Accepted
30491757,0568000,LOUISVILLE METRO POLICE DEPT,Accepted,JEFFERSON,,,JUDGE,BLVD,,KY1065,OUTER,,,,,38.13767043,-85.66949115,0.001,44796,1600,2,1,0,1,CLOUDY,DRY,FALSE,COLLISION WITH BICYCLE IN INTERSECTION,SINGLE VEHICLE,STRAIGHT & LEVEL,DAYLIGHT,,,44802.34474,FALSE,2583,Accepted
30451130,0568000,LOUISVILLE METRO POLICE DEPT,Accepted,JEFFERSON,KY0061,,PRESTON,HWY,,,COOPER,,,,,38.1200752,-85.6778363,2.597,44791,2258,2,1,0,0,CLEAR,DRY,FALSE,COLLISION WITH BICYCLE IN INTERSECTION,SINGLE VEHICLE,STRAIGHT & LEVEL,DARK-HWY NOT LIGHTED,,,44792.30424,FALSE,5314,Accepted
30446513,0568000,LOUISVILLE METRO POLICE DEPT,Accepted,JEFFERSON,KY2048,,CANNONS,LN,,,GAST,,,,,38.22415874,-85.65468992,0.227,44790,1446,2,1,0,1,CLEAR,DRY,FALSE,COLLISION WITH BICYCLE IN INTERSECTION,SINGLE VEHICLE,STRAIGHT & LEVEL,DAYLIGHT,,,44791.33992,FALSE,6813,Accepted
30451125,0568000,LOUISVILLE METRO POLICE DEPT,Accepted,JEFFERSON,KY0864,,CAMPBELL,ST,S,US0150,BROADWAY,,,,,38.24453346,-85.73747891,15.437,44787,1845,2,1,0,0,CLEAR,DRY,FALSE,COLLISION WITH BICYCLE IN INTERSECTION,SINGLE VEHICLE,STRAIGHT & LEVEL,DAYLIGHT,,,44792.30397,FALSE,7454,Accepted
30431738,0568000,LOUISVILLE METRO POLICE DEPT,Accepted,JEFFERSON,,,31ST,ST,N,KY3082,BANK,,,,,38.27219212,-85.79890025,0.001,44786,1510,2,1,0,1,CLEAR,DRY,FALSE,COLLISION WITH BICYCLE IN INTERSECTION,SINGLE VEHICLE,STRAIGHT & LEVEL,DAYLIGHT,,,44788.3616,FALSE,7220,Accepted
30421072,0568000,LOUISVILLE METRO POLICE DEPT,Accepted,JEFFERSON,,1100B,HOMEVIEW,DR,,,,,,,,38.20508533,-85.77826683,0.263,44784,1531,2,1,0,1,CLEAR,DRY,TRUE,COLLISION WITH BICYCLIST NON INTERSECTION,SINGLE VEHICLE,STRAIGHT & LEVEL,DAYLIGHT,,,44785.33961,FALSE,7398,Accepted
30431672,0568000,LOUISVILLE METRO POLICE DEPT,Accepted,JEFFERSON,KY0864,,CAMPBELL,ST,S,,,US0150,BROADWAY,KY0864,GRAY,38.24461282,-85.73751419,15.432,44781,0755,2,1,0,1,CLEAR,DRY,FALSE,COLLISION WITH BICYCLIST NON INTERSECTION,SINGLE VEHICLE,STRAIGHT & LEVEL,DAYLIGHT,,,44788.35775,FALSE,2041,Accepted
30400763,0568000,LOUISVILLE METRO POLICE DEPT,Accepted,JEFFERSON,KY1020,,2ND,ST,S,,LIBERTY,,,,,38.2526956,-85.75384712,12.572,44778,1604,2,1,0,1,CLOUDY,DRY,FALSE,COLLISION WITH BICYCLE IN INTERSECTION,SINGLE VEHICLE,STRAIGHT & LEVEL,DAYLIGHT,,,44781.35498,FALSE,5173,Accepted
30371903,0568000,LOUISVILLE METRO POLICE DEPT,Accepted,JEFFERSON,,805,SINCLAIR,ST,,,,,,,,38.12149624,-85.74941859,0.063,44773,1951,2,1,0,1,CLEAR,DRY,TRUE,COLLISION WITH BICYCLIST NON INTERSECTION,SINGLE VEHICLE,STRAIGHT & LEVEL,DAYLIGHT,,,44774.35517,FALSE,7115,Accepted
30371862,0568000,LOUISVILLE METRO POLICE DEPT,Accepted,JEFFERSON,,,OLD BILLTOWN,RD,,,,,,,,38.17061616,-85.57309585,0.049,44772,1551,2,1,0,1,CLEAR,DRY,FALSE,COLLISION WITH BICYCLIST NON INTERSECTION,SINGLE VEHICLE,CURVE & LEVEL,DAYLIGHT,,,44774.35267,FALSE,5430,Accepted
30371823,0568000,LOUISVILLE METRO POLICE DEPT,Accepted,JEFFERSON,,,CARLISLE,AVE,,,WOODRUFF,,,,,38.19421486,-85.78450292,0.42,44771,1544,2,1,0,1,CLEAR,DRY,TRUE,COLLISION WITH BICYCLE IN INTERSECTION,SINGLE VEHICLE,STRAIGHT & LEVEL,DAYLIGHT,,,44774.35069,FALSE,5131,Accepted
30348959,0568000,LOUISVILLE METRO POLICE DEPT,Accepted,JEFFERSON,,,GREENWOOD,AVE,,,36TH,,,,,38.24343184,-85.81283366,1.033,44768,0115,2,1,0,1,CLEAR,DRY,TRUE,COLLISION WITH BICYCLE IN INTERSECTION,SINGLE VEHICLE,CURVE & LEVEL,DARK-HWY LIGHTED/ON,,,44768.34684,FALSE,5437,Accepted
30348939,0568000,LOUISVILLE METRO POLICE DEPT,Accepted,JEFFERSON,KY2052,7000,SHEPHERDSVILLE,RD,,,,,,,,38.14675389,-85.66003978,0.535,44767,1326,2,1,0,1,CLOUDY,DRY,TRUE,COLLISION WITH BICYCLIST NON INTERSECTION,SINGLE VEHICLE,STRAIGHT & LEVEL,DAYLIGHT,,,44768.34581,FALSE,2017,Accepted
30343991,0568000,LOUISVILLE METRO POLICE DEPT,Accepted,JEFFERSON,US0031W,,DIXIE,HWY,,,BETHANY,,,,,38.09533761,-85.87407089,7.697,44764,1708,2,1,0,1,CLEAR,DRY,TRUE,COLLISION WITH BICYCLE IN INTERSECTION,SINGLE VEHICLE,STRAIGHT & LEVEL,DAYLIGHT,,,44767.38768,FALSE,7205,Accepted
30343972,0568000,LOUISVILLE METRO POLICE DEPT,Accepted,JEFFERSON,,,JUDGE,BLVD,,KY1065,OUTER,,,,,38.13767189,-85.66948063,,44764,0934,2,1,0,0,CLEAR,DRY,FALSE,COLLISION WITH PEDESTRIAN IN INTERSECTION,SINGLE VEHICLE,STRAIGHT & LEVEL,DAYLIGHT,,,44767.38668,FALSE,2017,Accepted
30333695,0568000,LOUISVILLE METRO POLICE DEPT,Accepted,JEFFERSON,,,OAKBROOK,DR,,,FALLEN OAK,,,,,38.30979817,-85.53217694,0.295,44763,1238,2,1,0,1,CLEAR,DRY,FALSE,COLLISION WITH BICYCLE IN INTERSECTION,SINGLE VEHICLE,STRAIGHT & LEVEL,DAYLIGHT,,,44764.35587,FALSE,7876,Accepted
30329288,0568000,LOUISVILLE METRO POLICE DEPT,Accepted,JEFFERSON,KY1865,5458,NEW CUT,RD,,,,,,,,38.14641669,-85.7753837,2.709,44762,1219,2,1,0,0,CLEAR,DRY,FALSE,COLLISION WITH BICYCLIST NON INTERSECTION,SINGLE VEHICLE,STRAIGHT & LEVEL,DAYLIGHT,,,44763.33998,FALSE,5438,Accepted
30324175,0568000,LOUISVILLE METRO POLICE DEPT,Accepted,JEFFERSON,,,RODMAN,ST,,,COMPTON,,,,,38.21391131,-85.76908869,0.532,44761,1655,2,1,0,1,CLEAR,DRY,FALSE,COLLISION WITH BICYCLE IN INTERSECTION,SINGLE VEHICLE,STRAIGHT & LEVEL,DAYLIGHT,,,44762.3458,FALSE,7872,Accepted
30343974,0568000,LOUISVILLE METRO POLICE DEPT,Accepted,JEFFERSON,,,JEFFERSON,ST,E,,BROOK,,,,,38.25318826,-85.75031273,0.953,44761,1600,2,1,0,2,CLEAR,DRY,FALSE,COLLISION WITH BICYCLE IN INTERSECTION,SINGLE VEHICLE,STRAIGHT & LEVEL,DAYLIGHT,,,44767.38679,FALSE,6360,Accepted
30324179,0568000,LOUISVILLE METRO POLICE DEPT,Accepted,JEFFERSON,KY1020,,SOUTHERN,PKWY,,,FAIRMONT,,,,,38.19538047,-85.76681587,8.763,44761,1800,2,1,0,0,CLEAR,DRY,FALSE,COLLISION WITH BICYCLE IN INTERSECTION,SINGLE VEHICLE,STRAIGHT & LEVEL,DAYLIGHT,,,44762.34614,FALSE,7872,Accepted
30318974,0568000,LOUISVILLE METRO POLICE DEPT,Accepted,JEFFERSON,KY0061,,JACKSON,ST,S,US0150,BROADWAY,,,,,38.24513555,-85.74563044,12.286,44760,1228,2,1,0,1,CLOUDY,DRY,TRUE,COLLISION WITH BICYCLE IN INTERSECTION,SINGLE VEHICLE,STRAIGHT & LEVEL,DAYLIGHT,,,44761.33948,FALSE,7058,Accepted
30333699,0568000,LOUISVILLE METRO POLICE DEPT,Accepted,JEFFERSON,KY1727,,TERRY,RD,,,RIVER POINTE,,,,,38.15033382,-85.86990369,1.999,44759,0228,5,4,1,0,CLOUDY,DRY,TRUE,COLLISION WITH BICYCLE IN INTERSECTION,HEAD ON,STRAIGHT & LEVEL,DARK-HWY NOT LIGHTED,,,44764.35608,FALSE,2308,Accepted
30314529,0568000,LOUISVILLE METRO POLICE DEPT,Accepted,JEFFERSON,US0150,,22ND,ST,N,,,,PORTLAND,,LYTLE,38.26813425,-85.78267278,0.142,44759,2210,2,1,0,1,CLOUDY,DRY,FALSE,COLLISION WITH BICYCLIST NON INTERSECTION,SINGLE VEHICLE,STRAIGHT & LEVEL,DARK-HWY LIGHTED/ON,,,44760.37103,FALSE,5275,Accepted
30314522,0568000,LOUISVILLE METRO POLICE DEPT,Accepted,JEFFERSON,,4731,3RD,ST,S,,,,,,,38.18115045,-85.76631558,1.347,44759,2116,2,1,0,1,CLEAR,DRY,FALSE,COLLISION WITH BICYCLIST NON INTERSECTION,SINGLE VEHICLE,STRAIGHT & LEVEL,DARK-HWY LIGHTED/ON,,,44760.37083,FALSE,5405,Accepted
30314410,0568000,LOUISVILLE METRO POLICE DEPT,Accepted,JEFFERSON,,,5TH,ST,S,,FLORENCE,,,,,38.19109379,-85.7682698,1.075,44758,0530,2,1,0,1,CLOUDY,DRY,TRUE,COLLISION WITH BICYCLE IN INTERSECTION,SINGLE VEHICLE,STRAIGHT & LEVEL,DARK-HWY LIGHTED/ON,,,44760.36732,FALSE,7426,Accepted
30314430,0568000,LOUISVILLE METRO POLICE DEPT,Accepted,JEFFERSON,,8600B,DEVONSHIRE,DR,,,,,,,,38.12759074,-85.8687085,0.257,44758,1847,2,1,0,1,CLEAR,DRY,FALSE,COLLISION WITH BICYCLIST NON INTERSECTION,SINGLE VEHICLE,STRAIGHT & LEVEL,DAYLIGHT,,,44760.3681,FALSE,7485,Accepted
30324154,0568000,LOUISVILLE METRO POLICE DEPT,Accepted,JEFFERSON,,,KENTUCKY,ST,W,,,,,,,38.24007811,-85.7644645,3.258,44756,0520,2,1,0,0,CLEAR,DRY,FALSE,COLLISION WITH BICYCLIST NON INTERSECTION,SINGLE VEHICLE,STRAIGHT & LEVEL,DAYLIGHT,,,44762.34405,FALSE,5258,Accepted
30297749,0560300,ST. MATTHEWS POLICE DEPARTMENT,Accepted,JEFFERSON,,,BAUER,AVE,,,WILMINGTON,,,,,38.25046956,-85.6599161,0.241,44755,1053,2,1,0,1,CLEAR,DRY,FALSE,COLLISION WITH BICYCLE IN INTERSECTION,SINGLE VEHICLE,STRAIGHT & LEVEL,DAYLIGHT,,,44755.6541,FALSE,9140,Accepted
30300491,0568000,LOUISVILLE METRO POLICE DEPT,Accepted,JEFFERSON,KY0061,,PRESTON,HWY,,,GILMORE,,,,,38.17463099,-85.71274435,6.88,44755,1415,2,1,0,1,CLOUDY,DRY,FALSE,COLLISION WITH BICYCLE IN INTERSECTION,SINGLE VEHICLE,STRAIGHT & LEVEL,DAYLIGHT,,,44756.35128,FALSE,4693,Accepted
30287360,0568000,LOUISVILLE METRO POLICE DEPT,Accepted,JEFFERSON,US0031W,,22ND,ST,S,,STANDARD,,,,,38.23171891,-85.79180587,18.265,44751,0316,2,1,0,1,CLEAR,DRY,FALSE,COLLISION WITH BICYCLE IN INTERSECTION,SINGLE VEHICLE,STRAIGHT & LEVEL,DARK-HWY LIGHTED/ON,,,44753.3458,FALSE,5412,Accepted
30268123,0568000,LOUISVILLE METRO POLICE DEPT,Accepted,JEFFERSON,US0031W,,DIXIE,HWY,,,KERRICK,,,,,38.15339463,-85.83592481,12.273,44747,1412,2,1,0,1,CLEAR,DRY,FALSE,COLLISION WITH BICYCLE IN INTERSECTION,SINGLE VEHICLE,STRAIGHT & LEVEL,DAYLIGHT,,,44748.33954,FALSE,5211,Accepted
30263215,0568000,LOUISVILLE METRO POLICE DEPT,Accepted,JEFFERSON,KY0907,,VALLEY STATION,RD,,,,,,,,38.10679255,-85.8643413,0.142,44743,2011,2,1,0,0,CLEAR,DRY,TRUE,COLLISION WITH BICYCLIST NON INTERSECTION,SINGLE VEHICLE,STRAIGHT & LEVEL,DAYLIGHT,,,44747.35975,FALSE,7264,Accepted
30263168,0568000,LOUISVILLE METRO POLICE DEPT,Accepted,JEFFERSON,KY0864,,POPLAR LEVEL,RD,,,,,,,,38.19159858,-85.70528129,11.009,44742,2356,1,0,0,1,CLEAR,DRY,FALSE,OTHER ROADWAY OR MID-BLOCK COLLISION,SINGLE VEHICLE,STRAIGHT & LEVEL,DARK-HWY LIGHTED/ON,,,44747.35684,FALSE,5317,Accepted
30235686,0560400,SHIVELY POLICE DEPARTMENT,Accepted,JEFFERSON,KY2051,2400B,ROCKFORD,LN,,,,,,,,38.17646922,-85.84291334,1.087,44740,0111,2,1,0,1,CLEAR,DRY,FALSE,COLLISION WITH BICYCLIST NON INTERSECTION,SINGLE VEHICLE,STRAIGHT & LEVEL,DARK-HWY LIGHTED/OFF,,,44740.22418,FALSE,7131,Accepted
30329282,0568000,LOUISVILLE METRO POLICE DEPT,Accepted,JEFFERSON,US0031W,,,,,,,,US31W RAMP FROM KY841,,US31W,38.09328054,-85.87415593,0.248,44739,1659,2,1,1,0,CLEAR,DRY,FALSE,COLLISION WITH BICYCLIST NON INTERSECTION,SINGLE VEHICLE,CURVE & LEVEL,DAYLIGHT,,,44763.33972,FALSE,2217,Accepted
30243970,0560400,SHIVELY POLICE DEPARTMENT,Accepted,JEFFERSON,,,SAN JOSE,AVE,,,,,,,,38.17799335,-85.81933287,0.617,44737,0305,2,1,0,0,CLEAR,DRY,TRUE,COLLISION WITH BICYCLIST NON INTERSECTION,SINGLE VEHICLE,STRAIGHT & LEVEL,DARK-HWY LIGHTED/ON,,,44741.97229,FALSE,7123,Accepted
30231747,0568000,LOUISVILLE METRO POLICE DEPT,Accepted,JEFFERSON,KY1020,,SOUTHERN,PKWY,,,LANSING,,,,,38.19251403,-85.76673284,8.577,44736,1334,2,1,0,1,CLEAR,DRY,FALSE,COLLISION WITH BICYCLE IN INTERSECTION,SINGLE VEHICLE,STRAIGHT & LEVEL,DAYLIGHT,,,44739.35103,FALSE,7398,Accepted
30236176,0568000,LOUISVILLE METRO POLICE DEPT,Accepted,JEFFERSON,,2819,RODMAN,ST,,,,,,,,38.20870017,-85.77000137,0.208,44734,1442,2,1,0,1,CLEAR,DRY,TRUE,COLLISION WITH BICYCLIST NON INTERSECTION,SINGLE VEHICLE,STRAIGHT & LEVEL,DAYLIGHT,,,44740.33901,FALSE,5433,Accepted
30212816,0568000,LOUISVILLE METRO POLICE DEPT,Accepted,JEFFERSON,KY1020,,2ND,ST,S,,MAGNOLIA,,,,,38.22878845,-85.75804207,10.911,44733,0803,2,1,0,1,CLEAR,DRY,TRUE,COLLISION WITH BICYCLE IN INTERSECTION,SINGLE VEHICLE,STRAIGHT & LEVEL,DAYLIGHT,,,44734.3412,FALSE,7132,Accepted
30204176,0568000,LOUISVILLE METRO POLICE DEPT,Accepted,JEFFERSON,,10015,MITCHELL HILL,RD,,,,,,,,38.10470615,-85.75978163,0.06,44730,1901,2,1,0,1,CLEAR,DRY,FALSE,COLLISION WITH BICYCLIST NON INTERSECTION,SINGLE VEHICLE,STRAIGHT & LEVEL,DAYLIGHT,,,44732.43027,FALSE,7485,Accepted
30204156,0568000,LOUISVILLE METRO POLICE DEPT,Accepted,JEFFERSON,,,WITHERSPOON,ST,E,,CLAY,,,,,38.25791648,-85.73947108,0.648,44730,1143,2,1,0,1,CLEAR,DRY,TRUE,COLLISION WITH BICYCLE IN INTERSECTION,SINGLE VEHICLE,STRAIGHT & LEVEL,DAYLIGHT,,,44732.4293,FALSE,7229,Accepted
30133539,0568000,LOUISVILLE METRO POLICE DEPT,Accepted,JEFFERSON,KY0061,,PRESTON,HWY,,,HESS,,,,,38.20496994,-85.73627721,9.332,44713,1326,2,1,0,1,CLOUDY,DRY,FALSE,COLLISION WITH BICYCLE IN INTERSECTION,SINGLE VEHICLE,STRAIGHT & LEVEL,DAYLIGHT,,,44714.34602,FALSE,4693,Accepted
30117729,0560300,ST. MATTHEWS POLICE DEPARTMENT,Accepted,JEFFERSON,,,BAUER,AVE,,US0060,FRANKFORT,,,,,38.25347903,-85.66216154,0.002,44710,1940,2,1,0,0,CLEAR,DRY,TRUE,COLLISION WITH BICYCLE IN INTERSECTION,SINGLE VEHICLE,STRAIGHT & LEVEL,DAYLIGHT,,,44710.99863,FALSE,9187,Accepted
30118902,0568000,LOUISVILLE METRO POLICE DEPT,Accepted,JEFFERSON,,,MUHAMMAD ALI,BLVD,W,KY1020,2ND,,,,,38.25083071,-85.75424986,0.088,44710,1239,2,1,0,0,CLEAR,DRY,FALSE,COLLISION WITH BICYCLE IN INTERSECTION,SINGLE VEHICLE,STRAIGHT & LEVEL,DAYLIGHT,,,44711.36615,FALSE,7216,Accepted
30081859,0568000,LOUISVILLE METRO POLICE DEPT,Accepted,JEFFERSON,,1014,BRECKINRIDGE,ST,E,,,,,,,38.23940478,-85.73561168,0.584,44700,0922,2,1,0,0,CLEAR,DRY,FALSE,COLLISION WITH BICYCLIST NON INTERSECTION,SINGLE VEHICLE,STRAIGHT & LEVEL,DAYLIGHT,,,44701.38925,FALSE,7833,Accepted
30073063,0568000,LOUISVILLE METRO POLICE DEPT,Accepted,JEFFERSON,,,PAGES,LN,E,,,,,,,38.11700138,-85.83544687,1.176,44698,1735,1,0,0,1,CLEAR,DRY,TRUE,1 VEHICLE ENTERING/LEAVING ENTRANCE,ANGLE,STRAIGHT & LEVEL,DAYLIGHT,,,44699.34579,FALSE,7174,Accepted
30068306,0568000,LOUISVILLE METRO POLICE DEPT,Accepted,JEFFERSON,,6620,SIX MILE,LN,,,,,,,,38.19758974,-85.62756636,1.453,44697,1452,2,1,0,1,CLEAR,DRY,FALSE,COLLISION WITH BICYCLIST NON INTERSECTION,SINGLE VEHICLE,STRAIGHT & LEVEL,DAYLIGHT,,,44698.32718,FALSE,5286,Accepted
30063542,0568000,LOUISVILLE METRO POLICE DEPT,Accepted,JEFFERSON,,,BASHFORD MANOR,LN,,US0031E,BARDSTOWN,,,,,38.2029561,-85.66438522,,44694,1429,2,1,0,0,CLEAR,DRY,FALSE,COLLISION WITH BICYCLE IN INTERSECTION,SINGLE VEHICLE,STRAIGHT & LEVEL,DAYLIGHT,,,44697.35198,FALSE,5247,Accepted
30054063,0568000,LOUISVILLE METRO POLICE DEPT,Accepted,JEFFERSON,,,BARRET,AVE,,,HIGHLAND,,,,,38.23777399,-85.72924781,0.84,44693,2219,2,1,0,1,CLEAR,DRY,FALSE,COLLISION WITH BICYCLE IN INTERSECTION,SINGLE VEHICLE,STRAIGHT & LEVEL,DARK-HWY LIGHTED/ON,,,44694.35316,FALSE,5402,Accepted
30034309,0568000,LOUISVILLE METRO POLICE DEPT,Accepted,JEFFERSON,,3520,CHAMBERLAIN,LN,,,,,,,,38.28957018,-85.53423046,1.291,44689,1452,2,1,0,1,CLEAR,DRY,TRUE,COLLISION WITH BICYCLIST NON INTERSECTION,SINGLE VEHICLE,STRAIGHT & LEVEL,DAYLIGHT,,,44690.35696,FALSE,7111,Accepted
30082099,0568000,LOUISVILLE METRO POLICE DEPT,Accepted,JEFFERSON,US0150,500 BLOCK,BROADWAY,,E,,,,,,,38.24511956,-85.74509129,3.057,44687,1351,2,1,0,1,CLOUDY,DRY,FALSE,COLLISION WITH BICYCLIST NON INTERSECTION,SINGLE VEHICLE,STRAIGHT & LEVEL,DAYLIGHT,,,44701.39037,FALSE,5338,Accepted
29988824,0568000,LOUISVILLE METRO POLICE DEPT,Accepted,JEFFERSON,,,MAPLE,RD,,,FORSYTHIA,,,,,38.10955038,-85.64609138,0.677,44677,1310,2,1,0,1,CLEAR,DRY,FALSE,COLLISION WITH BICYCLE IN INTERSECTION,SINGLE VEHICLE,STRAIGHT & LEVEL,DAYLIGHT,,,44678.34684,FALSE,2017,Accepted
29979928,0568000,LOUISVILLE METRO POLICE DEPT,Accepted,JEFFERSON,,,ZORN,AVE,,I 0071,I71 S EXIT2 ON RAMP FROM  ZORN AVE,,,,,38.27522185,-85.69768777,1.584,44675,1947,2,1,0,1,CLEAR,DRY,FALSE,COLLISION WITH BICYCLE IN INTERSECTION,SINGLE VEHICLE,STRAIGHT & LEVEL,DAYLIGHT,,,44676.35021,FALSE,5029,Accepted
29979884,0568000,LOUISVILLE METRO POLICE DEPT,Accepted,JEFFERSON,,,OAK,ST,W,,4TH,,,,,38.23514118,-85.7614597,0.335,44674,2100,2,1,0,1,CLEAR,DRY,TRUE,COLLISION WITH BICYCLE IN INTERSECTION,SINGLE VEHICLE,STRAIGHT & LEVEL,DARK-HWY LIGHTED/ON,,,44676.34866,FALSE,5267,Accepted
29988817,0568000,LOUISVILLE METRO POLICE DEPT,Accepted,JEFFERSON,KY0155,,TAYLORSVILLE,RD,,I 0264,I264 W EXIT17A OFF RAMP TO KY155 S,,,,,38.22159715,-85.65281677,14.795,44672,1500,2,1,0,1,CLOUDY,DRY,FALSE,OTHER INTERSECTION COLLISIONS,SINGLE VEHICLE,STRAIGHT & LEVEL,DAYLIGHT,,,44678.34655,FALSE,7793,Accepted
29936710,0568000,LOUISVILLE METRO POLICE DEPT,Accepted,JEFFERSON,KY0864,,SHELBY,ST,S,,OAK,,,,,38.23339039,-85.74145932,14.703,44664,1954,2,1,0,0,RAINING,WET,FALSE,OTHER INTERSECTION COLLISIONS,SINGLE VEHICLE,STRAIGHT & LEVEL,DARK-HWY LIGHTED/ON,,,44665.35808,FALSE,5304,Accepted
29896244,0568000,LOUISVILLE METRO POLICE DEPT,Accepted,JEFFERSON,,,RICHLAND,AVE,,,BERKSHIRE,,,,,38.22425099,-85.62913892,0.316,44652,2015,2,1,0,1,CLEAR,DRY,TRUE,COLLISION WITH BICYCLE IN INTERSECTION,SINGLE VEHICLE,STRAIGHT & LEVEL,DUSK,,,44655.35462,FALSE,5332,Accepted
29869123,0568000,LOUISVILLE METRO POLICE DEPT,Accepted,JEFFERSON,,,ORMSBY,AVE,E,,,,,,,38.23172682,-85.75413174,0.087,44645,1034,2,1,0,0,CLEAR,DRY,FALSE,COLLISION WITH BICYCLIST NON INTERSECTION,SINGLE VEHICLE,STRAIGHT & LEVEL,DAYLIGHT,,,44648.36472,FALSE,7495,Accepted
29878268,0568000,LOUISVILLE METRO POLICE DEPT,Accepted,JEFFERSON,,3100,ROCK CREEK,DR,,,,,,,,38.24503207,-85.66465784,0.062,44644,1200,2,1,0,0,CLEAR,DRY,FALSE,COLLISION WITH BICYCLIST NON INTERSECTION,SINGLE VEHICLE,STRAIGHT & LEVEL,DAYLIGHT,,,44650.34357,FALSE,2738,Accepted
29802321,0568000,LOUISVILLE METRO POLICE DEPT,Accepted,JEFFERSON,KY0907,,3RD ST,RD,,KY1865,NEW CUT,,,,,38.14580943,-85.77526983,6.309,44630,2145,2,1,0,1,CLEAR,DRY,FALSE,COLLISION WITH PEDESTRIAN IN INTERSECTION,SINGLE VEHICLE,STRAIGHT & LEVEL,DARK-HWY LIGHTED/ON,,,44631.30436,FALSE,5048,Accepted
29793219,0568000,LOUISVILLE METRO POLICE DEPT,Accepted,JEFFERSON,KY0864,,SHELBY,ST,S,,OAK,,,,,38.23340083,-85.74146641,14.702,44628,2055,2,1,0,1,CLOUDY,DRY,TRUE,OTHER INTERSECTION COLLISIONS,SINGLE VEHICLE,CURVE & LEVEL,DARK-HWY NOT LIGHTED,,,44629.34858,FALSE,5304,Accepted
29793183,0568000,LOUISVILLE METRO POLICE DEPT,Accepted,JEFFERSON,,,MURPHY,LN,,,TAZWELL,,,,,38.30579932,-85.53534462,0.3,44627,1131,2,1,0,1,RAINING,WET,TRUE,COLLISION WITH BICYCLE IN INTERSECTION,SINGLE VEHICLE,STRAIGHT & LEVEL,DAYLIGHT,,,44629.34679,FALSE,7483,Accepted
29758493,0568000,LOUISVILLE METRO POLICE DEPT,Accepted,JEFFERSON,,4308,FEGENBUSH,LN,,,,,,,,38.18417392,-85.63855882,0.244,44620,1709,2,1,0,1,CLEAR,DRY,FALSE,COLLISION IN PARKING LOT,SINGLE VEHICLE,STRAIGHT & LEVEL,DAYLIGHT,,,44621.36524,FALSE,7739,Accepted
29739440,0568000,LOUISVILLE METRO POLICE DEPT,Accepted,JEFFERSON,KY1727,6600,TERRY,RD,,,,,,,,38.15448135,-85.86872195,2.292,44613,2029,2,1,1,0,CLOUDY,DRY,TRUE,COLLISION WITH BICYCLIST NON INTERSECTION,SINGLE VEHICLE,STRAIGHT & LEVEL,DARK-HWY NOT LIGHTED,,,44616.35796,FALSE,2217,Accepted
29725526,0568000,LOUISVILLE METRO POLICE DEPT,Accepted,JEFFERSON,,350,CHESTNUT,ST,W,,,,,,,38.24884184,-85.75690335,2.417,44609,0940,2,1,0,1,RAINING,WET,FALSE,COLLISION WITH BICYCLIST NON INTERSECTION,SINGLE VEHICLE,STRAIGHT & LEVEL,DAYLIGHT,,,44613.35323,FALSE,2764,Accepted
29734659,0568000,LOUISVILLE METRO POLICE DEPT,Accepted,JEFFERSON,US0060A,,LEXINGTON,RD,,,DOVER,,,,,38.24863045,-85.67312192,9.629,44609,0740,2,2,0,1,RAINING,WET,FALSE,NON-COLLISION OBJECT COLLISION,SIDESWIPE-SAME DIRECTION,STRAIGHT & LEVEL,DAYLIGHT,,,44615.3437,FALSE,2673,Accepted
29705939,0568000,LOUISVILLE METRO POLICE DEPT,Accepted,JEFFERSON,,,FOREST,DR,,KY0061,PRESTON,,,,,38.16170751,-85.69974432,0.001,44602,1438,2,1,0,1,CLEAR,DRY,FALSE,COLLISION WITH BICYCLE IN INTERSECTION,SINGLE VEHICLE,STRAIGHT & LEVEL,DAYLIGHT,,,44608.33983,FALSE,5027,Accepted
29696495,0568000,LOUISVILLE METRO POLICE DEPT,Accepted,JEFFERSON,,,LEWISTON,DR,,US0031W,DIXIE,,,,,38.17129176,-85.82641486,0.015,44600,0932,2,1,0,1,CLEAR,DRY,FALSE,COLLISION WITH BICYCLE IN INTERSECTION,SINGLE VEHICLE,STRAIGHT & LEVEL,DAYLIGHT,,,44606.35572,FALSE,5392,Accepted
29648588,0568000,LOUISVILLE METRO POLICE DEPT,Accepted,JEFFERSON,,,LONSDALE,AVE,,,WALTER,,,,,38.17597417,-85.78636793,0.239,44592,1711,2,1,0,1,CLEAR,DRY,FALSE,COLLISION WITH BICYCLE IN INTERSECTION,SINGLE VEHICLE,STRAIGHT & LEVEL,DAYLIGHT,,,44593.35038,FALSE,7435,Accepted
29594956,0566700,MIDDLETOWN POLICE DEPARTMENT,Accepted,JEFFERSON,,,OLD HENRY,RD,,,,,EVERGREEN,,EVERGREEN PLACE,38.2522239,-85.53184794,0.062,44578,0600,2,1,0,0,CLEAR,SNOW/SLUSH,TRUE,OTHER ROADWAY OR MID-BLOCK COLLISION,SINGLE VEHICLE,STRAIGHT & LEVEL,DARK-HWY LIGHTED/ON,,,44578.58657,FALSE,2023,Accepted
29585649,0568000,LOUISVILLE METRO POLICE DEPT,Accepted,JEFFERSON,,3025,HUNSINGER,LN,,,,,,,,38.21830291,-85.62497243,0.107,44573,1849,2,1,0,1,CLEAR,DRY,FALSE,COLLISION WITH BICYCLIST NON INTERSECTION,SINGLE VEHICLE,STRAIGHT & LEVEL,DARK-HWY LIGHTED/ON,,,44575.3398,FALSE,7739,Accepted
29605672,0568000,LOUISVILLE METRO POLICE DEPT,Accepted,JEFFERSON,,,43RD,ST,S,,VIRGINIA,,,,,38.2403604,-85.82550616,1.754,44571,2100,2,1,0,1,CLEAR,DRY,FALSE,COLLISION WITH BICYCLE IN INTERSECTION,SINGLE VEHICLE,STRAIGHT & LEVEL,DARK-HWY LIGHTED/ON,,,44581.34374,FALSE,5181,Accepted
29526330,0568000,LOUISVILLE METRO POLICE DEPT,Accepted,JEFFERSON,,,3RD,ST,S,,LANSING,,,,,38.19257578,-85.76494974,0.552,44563,1928,2,1,0,1,CLEAR,DRY,TRUE,OTHER INTERSECTION COLLISIONS,SINGLE VEHICLE,STRAIGHT & LEVEL,DARK-HWY NOT LIGHTED,,,44564.32805,FALSE,7402,Accepted
29535874,0568000,LOUISVILLE METRO POLICE DEPT,Accepted,JEFFERSON,,,MARKET,ST,W,,,,,,,38.26036316,-85.80158418,0.832,44563,1413,2,1,0,1,CLOUDY,DRY,TRUE,COLLISION WITH BICYCLIST NON INTERSECTION,SINGLE VEHICLE,STRAIGHT & LEVEL,DAYLIGHT,,,44566.35211,FALSE,7628,Accepted
29504197,0568000,LOUISVILLE METRO POLICE DEPT,Accepted,JEFFERSON,KY0907,,SOUTHSIDE,DR,,KY1020,NATIONAL,,,,,38.15253447,-85.76563646,7.036,44553,1605,2,1,0,1,CLOUDY,DRY,FALSE,COLLISION WITH BICYCLE IN INTERSECTION,SINGLE VEHICLE,STRAIGHT & LEVEL,DAYLIGHT,,,44557.35704,FALSE,7751,Accepted
29487578,0568000,LOUISVILLE METRO POLICE DEPT,Accepted,JEFFERSON,,,FOREMAN,LN,,,BOST,,,,,38.13013164,-85.69435544,0.389,44542,1754,2,1,0,0,CLEAR,DRY,FALSE,COLLISION WITH BICYCLE IN INTERSECTION,SINGLE VEHICLE,STRAIGHT & LEVEL,DARK-HWY NOT LIGHTED,,,44551.33959,FALSE,7354,Accepted
29394128,0560300,ST. MATTHEWS POLICE DEPARTMENT,Accepted,JEFFERSON,,,BROWNS,LN,,,,,HILLSBORO,,SPRINGHILL,38.24326735,-85.64012803,0.733,44536,0622,2,1,0,1,RAINING,WET,TRUE,COLLISION WITH BICYCLIST NON INTERSECTION,SINGLE VEHICLE,STRAIGHT & LEVEL,DARK-HWY NOT LIGHTED,,,44536.89235,FALSE,9188,Accepted
29377334,0568000,LOUISVILLE METRO POLICE DEPT,Accepted,JEFFERSON,,,HANCOCK,ST,S,,,,MARSHALL,,MUHAMMAD ALI,38.24989508,-85.74272953,0.356,44531,1535,2,1,0,1,CLOUDY,DRY,FALSE,COLLISION WITH BICYCLIST NON INTERSECTION,SINGLE VEHICLE,STRAIGHT & LEVEL,DAYLIGHT,,,44532.3492,FALSE,6360,Accepted
29349305,0568000,LOUISVILLE METRO POLICE DEPT,Accepted,JEFFERSON,,,CHAMBERLAIN,LN,,,,,,,,38.31279299,-85.56758965,4.055,44523,1805,2,1,0,1,CLEAR,DRY,FALSE,COLLISION WITH BICYCLIST NON INTERSECTION,SINGLE VEHICLE,STRAIGHT & LEVEL,DARK-HWY LIGHTED/ON,,,44524.36553,FALSE,2489,Accepted
29349272,0568000,LOUISVILLE METRO POLICE DEPT,Accepted,JEFFERSON,KY1020,,2ND,ST,S,,GUTHRIE,,,,,38.24971628,-85.75443905,12.362,44517,1801,2,1,0,1,CLEAR,DRY,FALSE,COLLISION WITH BICYCLE IN INTERSECTION,SINGLE VEHICLE,STRAIGHT & LEVEL,DARK (UNKNOWN ROADWAY LIGHTING),,,44524.36439,FALSE,5173,Accepted
29321718,0568000,LOUISVILLE METRO POLICE DEPT,Accepted,JEFFERSON,KY2048,,DUTCHMANS,LN,,,GAST,,,,,38.22419746,-85.65463154,0.234,44516,0140,2,1,0,1,CLEAR,DRY,FALSE,COLLISION WITH BICYCLE IN INTERSECTION,SINGLE VEHICLE,STRAIGHT & LEVEL,DAYLIGHT,,,44517.29874,FALSE,2228,Accepted
29271356,0568000,LOUISVILLE METRO POLICE DEPT,Accepted,JEFFERSON,,,HIKES,LN,,US0031E,BUECHEL,,,,,38.19831229,-85.66111853,0.806,44508,1046,2,1,0,1,CLEAR,DRY,FALSE,COLLISION WITH BICYCLE IN INTERSECTION,SINGLE VEHICLE,STRAIGHT & LEVEL,DAYLIGHT,,,44510.33448,FALSE,5247,Accepted
29196048,0568000,LOUISVILLE METRO POLICE DEPT,Accepted,JEFFERSON,,,19TH,ST,S,,,,MAGAZINE,US0150,BROADWAY,38.25013923,-85.78297597,0.617,44507,1500,2,1,0,1,CLEAR,DRY,TRUE,COLLISION WITH BICYCLIST NON INTERSECTION,SINGLE VEHICLE,STRAIGHT & LEVEL,DAYLIGHT,,,44508.31574,FALSE,5251,Accepted
29187055,0568000,LOUISVILLE METRO POLICE DEPT,Accepted,JEFFERSON,US0031W,,22ND,ST,S,,,,WOODLAND,,STANDARD,38.23216589,-85.79155393,18.399,44504,1916,2,1,0,1,CLEAR,DRY,FALSE,COLLISION WITH BICYCLIST NON INTERSECTION,SINGLE VEHICLE,STRAIGHT & GRADE,DARK-HWY NOT LIGHTED,,,44505.34834,FALSE,5164,Accepted
29196020,0568000,LOUISVILLE METRO POLICE DEPT,Accepted,JEFFERSON,KY1020,,NATIONAL,TPKE,,,RECOVERY,,,,,38.14364666,-85.75634154,4.873,44502,2105,2,1,0,1,CLEAR,DRY,FALSE,COLLISION WITH BICYCLE IN INTERSECTION,SINGLE VEHICLE,STRAIGHT & LEVEL,DUSK,,,44508.31508,FALSE,5266,Accepted
29159747,0560400,SHIVELY POLICE DEPARTMENT,Accepted,JEFFERSON,,1734,GAGEL,AVE,,,,,,,,38.17579646,-85.821494,,44497,2216,2,1,0,0,CLEAR,WET,FALSE,COLLISION WITH PEDESTRIAN NON - INTERSECTION,SINGLE VEHICLE,STRAIGHT & LEVEL,DARK-HWY LIGHTED/ON,,,44502.20082,FALSE,7114,Accepted
29141443,0568000,LOUISVILLE METRO POLICE DEPT,Accepted,JEFFERSON,US0150,,BROADWAY,,E,,FLOYD,,,,,38.24554238,-85.74976977,2.837,44496,1743,2,1,0,1,CLEAR,DRY,FALSE,COLLISION WITH BICYCLE IN INTERSECTION,SINGLE VEHICLE,STRAIGHT & LEVEL,DAYLIGHT,,,44498.3203,FALSE,5367,Accepted
28935132,0568000,LOUISVILLE METRO POLICE DEPT,Accepted,JEFFERSON,I 0264,,,,,,,,,,,38.21057049,-85.67086876,0.327,44490,1514,2,1,0,0,CLEAR,DRY,FALSE,OTHER RAMP RELATED COLLISIONS NOT LISTED ABOVE,SINGLE VEHICLE,CURVE & GRADE,DAYLIGHT,I 0264,US31E S,44491.57037,FALSE,8278,Accepted
28916026,0568000,LOUISVILLE METRO POLICE DEPT,Accepted,JEFFERSON,,,6TH,ST,S,,PARK,,,,,38.23179257,-85.76426198,1.754,44486,1600,2,1,0,1,CLEAR,DRY,FALSE,COLLISION WITH BICYCLE IN INTERSECTION,SINGLE VEHICLE,STRAIGHT & LEVEL,DAYLIGHT,,,44487.36017,FALSE,7132,Accepted
29125238,0568000,LOUISVILLE METRO POLICE DEPT,Accepted,JEFFERSON,,,6TH,ST,S,US0150,BROADWAY,,,,,38.24636469,-85.76171558,0.739,44484,2323,2,1,0,1,RAINING,WET,FALSE,COLLISION WITH BICYCLE IN INTERSECTION,SINGLE VEHICLE,STRAIGHT & LEVEL,DARK-HWY LIGHTED/ON,,,44496.41236,FALSE,5335,Accepted
28906860,0568000,LOUISVILLE METRO POLICE DEPT,Accepted,JEFFERSON,US0150,,BROADWAY,,W,,,,,,,38.24679567,-85.76635135,1.952,44483,1326,2,1,0,1,CLEAR,DRY,FALSE,COLLISION WITH BICYCLIST NON INTERSECTION,SINGLE VEHICLE,STRAIGHT & LEVEL,DAYLIGHT,,,44484.30314,FALSE,5148,Accepted
28896626,0561000,JEFFERSONTOWN POLICE DEPT,Accepted,JEFFERSON,,,MERIONETH,DR,,KY0155,TAYLORSVILLE,,,,,38.20357765,-85.57687304,,44481,1655,2,1,0,0,CLEAR,DRY,FALSE,COLLISION WITH BICYCLE IN INTERSECTION,SINGLE VEHICLE,STRAIGHT & LEVEL,DAYLIGHT,,,44481.95144,FALSE,8265,Accepted
28854856,0568000,LOUISVILLE METRO POLICE DEPT,Accepted,JEFFERSON,US0031W,1020,MARKET,ST,W,,,,,,,38.25634529,-85.76689568,21.271,44479,0621,3,1,0,0,CLEAR,DRY,TRUE,COLLISION WITH BICYCLIST NON INTERSECTION,SINGLE VEHICLE,STRAIGHT & LEVEL,DARK-HWY LIGHTED/ON,,,44480.35155,FALSE,7386,Accepted
28854819,0568000,LOUISVILLE METRO POLICE DEPT,Accepted,JEFFERSON,,,ST CATHERINE,ST,W,,GARVIN,,,,,38.23739919,-85.76159925,0.367,44478,1420,2,1,0,1,CLEAR,DRY,FALSE,COLLISION WITH BICYCLE IN INTERSECTION,SINGLE VEHICLE,STRAIGHT & LEVEL,DAYLIGHT,,,44480.35068,FALSE,5186,Accepted
28780652,0568000,LOUISVILLE METRO POLICE DEPT,Accepted,JEFFERSON,US0060,,SHELBYVILLE,RD,,,VIEUX CARRE,,,,,38.24622841,-85.57462994,7.982,44469,0428,1,0,0,1,CLEAR,DRY,FALSE,OTHER INTERSECTION COLLISIONS,SINGLE VEHICLE,STRAIGHT & GRADE,DARK-HWY LIGHTED/ON,,,44470.33755,FALSE,5041,Accepted
28752036,0568000,LOUISVILLE METRO POLICE DEPT,Accepted,JEFFERSON,US0031W,,DIXIE,HWY,,,,,VESPER,,BARRETT,38.10541615,-85.86816732,8.462,44467,1222,2,1,0,1,CLEAR,DRY,FALSE,COLLISION WITH BICYCLIST NON INTERSECTION,SINGLE VEHICLE,STRAIGHT & LEVEL,DAYLIGHT,,,44468.34367,FALSE,6318,Accepted
28708790,0568000,LOUISVILLE METRO POLICE DEPT,Accepted,JEFFERSON,KY1142,971,PALATKA,RD,,,,,PARK,,SOUTHVIEW,38.15190863,-85.78348238,1.043,44464,0116,3,1,0,2,CLEAR,DRY,TRUE,COLLISION WITH BICYCLIST NON INTERSECTION,SINGLE VEHICLE,STRAIGHT & GRADE,DARK-HWY LIGHTED/ON,,,44466.36597,FALSE,7649,Accepted
29466505,0560400,SHIVELY POLICE DEPARTMENT,Accepted,JEFFERSON,KY1931,3200,7TH STREET,RD,,,,,,,,38.20024902,-85.79540761,8.821,44462,1706,2,1,1,0,CLEAR,DRY,TRUE,COLLISION WITH BICYCLIST NON INTERSECTION,SINGLE VEHICLE,STRAIGHT & LEVEL,DAYLIGHT,,,44545.26381,FALSE,7135,Accepted
28694847,0561500,UNIV. OF LOUISVILLE POLICE,Accepted,JEFFERSON,,,4TH,ST,S,,CARDINAL,,,,,38.22077241,-85.76283458,2.496,44461,2125,2,1,0,1,RAINING,WET,TRUE,COLLISION WITH BICYCLE IN INTERSECTION,SINGLE VEHICLE,STRAIGHT & LEVEL,DARK-HWY LIGHTED/ON,,,44462.52574,FALSE,5708,Accepted
28776311,0568000,LOUISVILLE METRO POLICE DEPT,Accepted,JEFFERSON,,,24TH,ST,S,,CHESTNUT,,,,,38.25274365,-85.79191514,0.531,44459,2112,2,1,0,2,CLEAR,DRY,FALSE,COLLISION WITH BICYCLE IN INTERSECTION,SINGLE VEHICLE,STRAIGHT & LEVEL,DARK-HWY LIGHTED/ON,,,44469.34969,FALSE,5306,Accepted
28798550,0568000,LOUISVILLE METRO POLICE DEPT,Accepted,JEFFERSON,KY1020,,NATIONAL,TPKE,,,TOLLS,,,,,38.13561156,-85.75231654,4.278,44458,1723,2,1,1,0,RAINING,WET,FALSE,COLLISION WITH BICYCLE IN INTERSECTION,SINGLE VEHICLE,STRAIGHT & LEVEL,DAYLIGHT,,,44475.34342,FALSE,7720,Accepted
28678813,0568000,LOUISVILLE METRO POLICE DEPT,Accepted,JEFFERSON,KY1865,,TAYLOR,BLVD,,,STRADER,,,,,38.19109918,-85.78331382,5.84,44458,2223,2,1,0,0,RAINING,WET,FALSE,COLLISION WITH BICYCLE IN INTERSECTION,SINGLE VEHICLE,STRAIGHT & LEVEL,DARK-HWY LIGHTED/ON,,,44459.35179,FALSE,5183,Accepted
28643036,0568000,LOUISVILLE METRO POLICE DEPT,Accepted,JEFFERSON,,,GRANADA,DR,,,,,SEVILLE,,GRANADA,38.11331865,-85.85121857,0.224,44448,1914,2,1,0,1,CLEAR,DRY,FALSE,COLLISION WITH BICYCLIST NON INTERSECTION,SINGLE VEHICLE,STRAIGHT & HILLCREST,DAYLIGHT,,,44449.32045,FALSE,6318,Accepted
28635532,0568000,LOUISVILLE METRO POLICE DEPT,Accepted,JEFFERSON,,,BELMAR,DR,,,,,,,,38.19479079,-85.72946033,0.013,44447,1144,2,1,0,1,CLOUDY,DRY,FALSE,COLLISION WITH BICYCLIST NON INTERSECTION,SINGLE VEHICLE,STRAIGHT & LEVEL,DAYLIGHT,,,44448.33927,FALSE,4693,Accepted
28627243,0568000,LOUISVILLE METRO POLICE DEPT,Accepted,JEFFERSON,,,LIBERTY,ST,E,,1ST,,,,,38.25251684,-85.75221502,0.001,44446,0634,2,1,0,0,CLEAR,DRY,FALSE,COLLISION WITH BICYCLE IN INTERSECTION,SINGLE VEHICLE,STRAIGHT & LEVEL,DARK-HWY LIGHTED/ON,,,44447.3392,FALSE,7386,Accepted
28607799,0568000,LOUISVILLE METRO POLICE DEPT,Accepted,JEFFERSON,,,28TH,ST,S,,WOODLAND,,,,,38.23408722,-85.80062937,1.872,44442,0950,2,1,0,1,CLEAR,DRY,FALSE,COLLISION WITH BICYCLE IN INTERSECTION,SINGLE VEHICLE,STRAIGHT & LEVEL,DAYLIGHT,,,44446.36037,FALSE,5253,Accepted
28594647,0568000,LOUISVILLE METRO POLICE DEPT,Accepted,JEFFERSON,KY1065,,OUTER,LOOP,,,JEFFERSON,,,,,38.13792505,-85.67515849,6.693,44441,1201,2,1,0,1,CLEAR,DRY,FALSE,COLLISION WITH BICYCLE IN INTERSECTION,SINGLE VEHICLE,STRAIGHT & LEVEL,DAYLIGHT,,,44442.31721,FALSE,2324,Accepted
29901008,0568000,LOUISVILLE METRO POLICE DEPT,Accepted,JEFFERSON,,7123,GRADE,LN,,,,,,,,38.14252642,-85.73850772,3.102,44438,2105,2,1,1,0,RAINING,WET,TRUE,COLLISION WITH BICYCLIST NON INTERSECTION,SINGLE VEHICLE,STRAIGHT & LEVEL,DARK-HWY LIGHTED/OFF,,,44656.34082,FALSE,7772,Accepted
28577458,0568000,LOUISVILLE METRO POLICE DEPT,Accepted,JEFFERSON,,,GAST,BLVD,,KY2048,CANNONS,,,,,38.22415943,-85.65469046,0.005,44435,0753,2,1,0,1,CLEAR,DRY,FALSE,COLLISION WITH BICYCLE IN INTERSECTION,SINGLE VEHICLE,STRAIGHT & LEVEL,DAYLIGHT,,,44438.36569,FALSE,6813,Accepted
28559136,0568000,LOUISVILLE METRO POLICE DEPT,Accepted,JEFFERSON,,,GARLAND,AVE,,,28TH,,,,,38.24496253,-85.79907815,1.76,44432,1629,2,1,0,1,CLEAR,DRY,TRUE,COLLISION WITH BICYCLE IN INTERSECTION,SINGLE VEHICLE,STRAIGHT & LEVEL,DAYLIGHT,,,44433.31196,FALSE,5032,Accepted
28554287,0568000,LOUISVILLE METRO POLICE DEPT,Accepted,JEFFERSON,US0031E,,MAIN,ST,W,US0031W,2ND,,,,,38.25622208,-85.75321944,17.881,44431,1229,2,1,0,1,CLOUDY,DRY,FALSE,COLLISION WITH BICYCLE IN INTERSECTION,SINGLE VEHICLE,STRAIGHT & LEVEL,DAYLIGHT,,,44432.31151,FALSE,7937,Accepted
28541558,0568000,LOUISVILLE METRO POLICE DEPT,Accepted,JEFFERSON,,,GAST,BLVD,,KY2048,DUTCHMANS,,,,,38.22415843,-85.65468696,0.005,44428,0833,2,1,0,1,CLEAR,DRY,FALSE,COLLISION WITH BICYCLE IN INTERSECTION,SINGLE VEHICLE,STRAIGHT & LEVEL,DAYLIGHT,,,44428.57979,FALSE,7570,Accepted
28540110,0568000,LOUISVILLE METRO POLICE DEPT,Accepted,JEFFERSON,,,POPE LICK,RD,S,,,KY0155,TAYLORSVILLE,,REHL,38.19090173,-85.48696359,0.174,44427,1525,2,1,0,1,CLEAR,DRY,FALSE,COLLISION WITH BICYCLIST NON INTERSECTION,SINGLE VEHICLE,STRAIGHT & LEVEL,DAYLIGHT,,,44428.29863,FALSE,6878,Accepted
28531867,0568000,LOUISVILLE METRO POLICE DEPT,Accepted,JEFFERSON,,400,JEFFERSON,ST,E,,,,,,,38.25261361,-85.74536274,0.597,44423,1729,2,1,0,1,CLOUDY,DRY,TRUE,OTHER ROADWAY OR MID-BLOCK COLLISION,SINGLE VEHICLE,STRAIGHT & LEVEL,DAYLIGHT,,,44426.30951,FALSE,7239,Accepted
28522046,0568000,LOUISVILLE METRO POLICE DEPT,Accepted,JEFFERSON,,,26TH,ST,S,,MARKET,,,,,38.25949921,-85.79374753,0.087,44422,0143,2,1,0,1,CLEAR,DRY,TRUE,COLLISION WITH BICYCLE IN INTERSECTION,SINGLE VEHICLE,STRAIGHT & LEVEL,DARK-HWY LIGHTED/ON,,,44424.32085,FALSE,5306,Accepted
28522044,0568000,LOUISVILLE METRO POLICE DEPT,Accepted,JEFFERSON,,,25TH,ST,N,KY3064,PORTLAND,,,,,38.27067441,-85.78886979,0.192,44421,2059,1,0,0,1,CLEAR,DRY,TRUE,ANGLE COLLISION - OTHER,ANGLE,STRAIGHT & LEVEL,DARK-HWY LIGHTED/ON,,,44424.32078,FALSE,5306,Accepted
28495104,0560400,SHIVELY POLICE DEPARTMENT,Accepted,JEFFERSON,,,ARCADE,AVE,,KY1931,7TH ST,,,,,38.20975401,-85.78708593,0.59,44416,1448,2,1,0,1,CLEAR,DRY,FALSE,COLLISION WITH BICYCLE IN INTERSECTION,SINGLE VEHICLE,STRAIGHT & LEVEL,DAYLIGHT,,,44419.74686,FALSE,7132,Accepted
28501362,0568000,LOUISVILLE METRO POLICE DEPT,Accepted,JEFFERSON,US0031W,,DIXIE,HWY,,,,,ALANADALE,KY0907,VALLEY STATION,38.10815282,-85.86640127,8.673,44416,1209,2,1,0,1,CLEAR,DRY,FALSE,COLLISION WITH BICYCLIST NON INTERSECTION,SINGLE VEHICLE,STRAIGHT & LEVEL,DAYLIGHT,,,44421.32242,FALSE,2098,Accepted
28488526,0568000,LOUISVILLE METRO POLICE DEPT,Accepted,JEFFERSON,,,30TH,ST,N,,CROP,,,,,38.26222064,-85.8005099,0.643,44416,1802,2,1,0,1,CLEAR,DRY,FALSE,COLLISION WITH BICYCLE IN INTERSECTION,SINGLE VEHICLE,STRAIGHT & LEVEL,DAYLIGHT,,,44418.31245,FALSE,5124,Accepted
28448845,0568000,LOUISVILLE METRO POLICE DEPT,Accepted,JEFFERSON,US0031E,,BARDSTOWN,RD,,,LUCIA,,,,,38.23700272,-85.71843026,15.254,44405,1518,2,1,0,1,CLEAR,DRY,TRUE,OTHER INTERSECTION COLLISIONS,SINGLE VEHICLE,STRAIGHT & LEVEL,DAYLIGHT,,,44407.3354,FALSE,5006,Accepted
28431065,0568000,LOUISVILLE METRO POLICE DEPT,Accepted,JEFFERSON,KY1931,,ST ANDREWS CHURCH,RD,,,PENNACOOK,,,,,38.15449822,-85.80283214,5.407,44403,2250,2,1,0,0,CLEAR,DRY,TRUE,COLLISION WITH BICYCLE IN INTERSECTION,SINGLE VEHICLE,STRAIGHT & LEVEL,DARK-HWY LIGHTED/ON,,,44404.33711,FALSE,5318,Accepted
28410086,0568000,LOUISVILLE METRO POLICE DEPT,Accepted,JEFFERSON,US0150,,21ST,ST,N,US0031W,MAIN,,,,,38.25979717,-85.78464887,0.757,44400,1700,2,1,0,0,CLEAR,DRY,FALSE,COLLISION WITH BICYCLE IN INTERSECTION,SINGLE VEHICLE,STRAIGHT & LEVEL,DAYLIGHT,,,44403.34249,FALSE,5108,Accepted
28409923,0568000,LOUISVILLE METRO POLICE DEPT,Accepted,JEFFERSON,,,BROADWAY,,W,,,,34TH,,32ND,38.24985412,-85.80682253,1.014,44398,1820,2,1,0,1,CLEAR,DRY,FALSE,COLLISION WITH BICYCLIST NON INTERSECTION,SINGLE VEHICLE,STRAIGHT & LEVEL,DAYLIGHT,,,44403.33659,FALSE,7058,Accepted
28388930,0568000,LOUISVILLE METRO POLICE DEPT,Accepted,JEFFERSON,,,JEFFERSON,ST,,,,,,,,38.19585994,-85.56625883,0.034,44395,1946,2,1,0,1,CLEAR,DRY,FALSE,COLLISION WITH BICYCLIST NON INTERSECTION,SINGLE VEHICLE,STRAIGHT & LEVEL,DAYLIGHT,,,44397.60847,FALSE,2738,Accepted
28383354,0568000,LOUISVILLE METRO POLICE DEPT,Accepted,JEFFERSON,KY0146,,LA GRANGE,RD,,,LAKELAND,,,,,38.27022074,-85.55435109,4.03,44395,0855,2,1,0,1,CLOUDY,DRY,FALSE,COLLISION WITH BICYCLE IN INTERSECTION,SINGLE VEHICLE,STRAIGHT & LEVEL,DAYLIGHT,,,44396.34308,FALSE,7316,Accepted
28383254,0568000,LOUISVILLE METRO POLICE DEPT,Accepted,JEFFERSON,KY1020,,SOUTHERN,PKWY,,,LANSING,,,,,38.19254087,-85.76674598,8.579,44393,1138,2,1,0,0,CLEAR,DRY,TRUE,OTHER INTERSECTION COLLISIONS,SINGLE VEHICLE,STRAIGHT & LEVEL,DAYLIGHT,,,44396.3387,FALSE,7251,Accepted
28383279,0568000,LOUISVILLE METRO POLICE DEPT,Accepted,JEFFERSON,,,BOHNE,AVE,,,RUSSELL LEE,,,,,38.2288245,-85.81714684,0.015,44393,2150,2,1,0,0,RAINING,WET,FALSE,COLLISION WITH BICYCLE IN INTERSECTION,SINGLE VEHICLE,CURVE & GRADE,DARK-HWY LIGHTED/OFF,,,44396.33968,FALSE,2186,Accepted
28440763,0568000,LOUISVILLE METRO POLICE DEPT,Accepted,JEFFERSON,US0031W,,MARKET,ST,W,US0031E,3RD,,,,,38.25506397,-85.75507776,21.942,44393,1530,2,1,0,0,CLEAR,DRY,TRUE,COLLISION WITH BICYCLE IN INTERSECTION,SINGLE VEHICLE,,DAYLIGHT,,,44405.3443,FALSE,7904,Accepted
28366374,0568000,LOUISVILLE METRO POLICE DEPT,Accepted,JEFFERSON,,,LIBERTY,ST,E,,FLOYD,,,,,38.2522258,-85.74853842,0.196,44391,0216,2,1,0,1,CLEAR,WET,FALSE,COLLISION WITH BICYCLE IN INTERSECTION,SINGLE VEHICLE,STRAIGHT & LEVEL,DARK-HWY NOT LIGHTED,,,44391.35252,FALSE,5331,Accepted
28366368,0568000,LOUISVILLE METRO POLICE DEPT,Accepted,JEFFERSON,US0031E,,MARKET,ST,E,,1ST,,,,,38.25472251,-85.75190064,17.663,44390,2240,2,1,0,0,CLEAR,DRY,TRUE,COLLISION WITH BICYCLE IN INTERSECTION,SINGLE VEHICLE,STRAIGHT & LEVEL,DAYLIGHT,,,44391.3522,FALSE,5295,Accepted
28358011,0568000,LOUISVILLE METRO POLICE DEPT,Accepted,JEFFERSON,KY0061,,PRESTON,HWY,,,,,,,,38.15491431,-85.69594379,5.193,44388,1400,2,1,0,1,CLEAR,DRY,TRUE,COLLISION WITH BICYCLIST NON INTERSECTION,SINGLE VEHICLE,STRAIGHT & LEVEL,DAYLIGHT,,,44389.36241,FALSE,7449,Accepted
28403389,0560400,SHIVELY POLICE DEPARTMENT,Accepted,JEFFERSON,,,OEHRLE,DR,,US0031W,DIXIE,,,,,38.19797924,-85.80421192,0.004,44388,1356,2,1,0,0,CLOUDY,DRY,FALSE,COLLISION WITH BICYCLE IN INTERSECTION,SINGLE VEHICLE,STRAIGHT & LEVEL,DAYLIGHT,,,44401.01607,FALSE,7107,Accepted
28357948,0568000,LOUISVILLE METRO POLICE DEPT,Accepted,JEFFERSON,,3100,RIVER,RD,,,,,,,,38.28071243,-85.69456457,0.163,44387,0605,2,1,0,1,RAINING,WET,FALSE,COLLISION WITH BICYCLIST NON INTERSECTION,SINGLE VEHICLE,STRAIGHT & LEVEL,DAWN,,,44389.35972,FALSE,7219,Accepted
28343789,0568000,LOUISVILLE METRO POLICE DEPT,Accepted,JEFFERSON,,,GAULBERT,AVE,W,KY1020,3RD,,,,,38.22451396,-85.76048057,0.091,44384,1914,2,1,0,0,CLOUDY,DRY,FALSE,COLLISION WITH BICYCLE IN INTERSECTION,SINGLE VEHICLE,STRAIGHT & LEVEL,DUSK,,,44385.34603,FALSE,5180,Accepted
28340367,0568000,LOUISVILLE METRO POLICE DEPT,Accepted,JEFFERSON,US0060A,,EASTERN,PKWY,,KY0061,SHELBY,,,,,38.21483697,-85.74264939,4.582,44381,1822,2,1,0,1,CLEAR,DRY,FALSE,COLLISION WITH BICYCLE IN INTERSECTION,SINGLE VEHICLE,STRAIGHT & LEVEL,DAYLIGHT,,,44384.52186,FALSE,7257,Accepted
28343801,0568000,LOUISVILLE METRO POLICE DEPT,Accepted,JEFFERSON,,2907,MARKET,ST,W,,29TH,,,,,38.2600609,-85.79897838,0.688,44381,2127,2,1,0,1,CLEAR,DRY,TRUE,COLLISION WITH BICYCLE IN INTERSECTION,SINGLE VEHICLE,STRAIGHT & LEVEL,DUSK,,,44385.3464,FALSE,5295,Accepted
28343810,0568000,LOUISVILLE METRO POLICE DEPT,Accepted,JEFFERSON,US0031W,,DIXIE,HWY,,,SPEEDWAY,,,,,38.11762377,-85.8588394,9.446,44381,1820,2,1,0,1,CLEAR,DRY,FALSE,COLLISION WITH BICYCLE IN INTERSECTION,SINGLE VEHICLE,STRAIGHT & LEVEL,DAYLIGHT,,,44385.34656,FALSE,5170,Accepted
28357958,0568000,LOUISVILLE METRO POLICE DEPT,Accepted,JEFFERSON,KY1020,,3RD,ST,S,,,,,,,38.22121595,-85.76126198,10.441,44380,0300,2,1,0,1,CLEAR,DRY,TRUE,OTHER ROADWAY OR MID-BLOCK COLLISION,SINGLE VEHICLE,STRAIGHT & LEVEL,DARK-HWY LIGHTED/ON,,,44389.36025,FALSE,7040,Accepted
28334732,0568000,LOUISVILLE METRO POLICE DEPT,Accepted,JEFFERSON,,,CRAIG,AVE,,,BICKNELL,,,,,38.18363195,-85.78997096,0.655,44380,0114,2,1,0,1,CLEAR,DRY,TRUE,COLLISION WITH BICYCLE IN INTERSECTION,SINGLE VEHICLE,STRAIGHT & LEVEL,DARK-HWY LIGHTED/ON,,,44383.37058,FALSE,5284,Accepted
28334750,0568000,LOUISVILLE METRO POLICE DEPT,Accepted,JEFFERSON,KY0864,,FEGENBUSH,LN,,,NORLYNN,,,,,38.14504629,-85.62776646,5.18,44380,2104,2,1,0,0,CLEAR,DRY,FALSE,COLLISION WITH BICYCLE IN INTERSECTION,SINGLE VEHICLE,STRAIGHT & LEVEL,DUSK,,,44383.37157,FALSE,5014,Accepted
28334714,0568000,LOUISVILLE METRO POLICE DEPT,Accepted,JEFFERSON,US0031W,,DIXIE,HWY,,,MILLERS,,,,,38.21463371,-85.79564285,17.084,44379,0739,2,1,0,0,CLOUDY,DRY,FALSE,COLLISION WITH BICYCLE IN INTERSECTION,SINGLE VEHICLE,STRAIGHT & LEVEL,DAYLIGHT,,,44383.36938,FALSE,7720,Accepted
28313792,0568000,LOUISVILLE METRO POLICE DEPT,Accepted,JEFFERSON,,1307,CLARA,AVE,,,,,,,,38.19976102,-85.78328067,0.035,44375,1800,2,1,0,1,CLEAR,DRY,FALSE,COLLISION WITH BICYCLIST NON INTERSECTION,SINGLE VEHICLE,STRAIGHT & LEVEL,DAYLIGHT,,,44377.36514,FALSE,7298,Accepted
28321969,0568000,LOUISVILLE METRO POLICE DEPT,Accepted,JEFFERSON,,,SOUTHERN,PKWY,,,BROOKLINE,,,,,38.17664164,-85.77231432,0.432,44373,1156,2,1,0,1,CLEAR,DRY,FALSE,COLLISION WITH BICYCLE IN INTERSECTION,SINGLE VEHICLE,STRAIGHT & LEVEL,DAYLIGHT,,,44379.35058,FALSE,7963,Accepted
28278403,0568000,LOUISVILLE METRO POLICE DEPT,Accepted,JEFFERSON,KY1020,,3RD,ST,S,US0060A,WINKLER,,,,,38.21008989,-85.76305945,9.861,44367,2315,2,1,0,1,CLEAR,DRY,FALSE,COLLISION WITH BICYCLE IN INTERSECTION,SINGLE VEHICLE,STRAIGHT & LEVEL,DARK-HWY LIGHTED/ON,,,44368.35619,FALSE,5319,Accepted
28278269,0568000,LOUISVILLE METRO POLICE DEPT,Accepted,JEFFERSON,,,HANCOCK,ST,S,,LIBERTY,,,,,38.25090724,-85.74254502,0.288,44365,1828,2,1,0,1,CLEAR,DRY,FALSE,COLLISION WITH BICYCLE IN INTERSECTION,SINGLE VEHICLE,STRAIGHT & LEVEL,DAYLIGHT,,,44368.3507,FALSE,7239,Accepted
28260640,0568000,LOUISVILLE METRO POLICE DEPT,Accepted,JEFFERSON,KY1020,8405,NATIONAL,TPKE,,,,,,,,38.12716563,-85.74895744,3.675,44362,1615,2,1,0,1,CLEAR,DRY,FALSE,COLLISION IN PARKING LOT,SINGLE VEHICLE,STRAIGHT & LEVEL,DAYLIGHT,,,44363.35624,FALSE,7483,Accepted
28251625,0568000,LOUISVILLE METRO POLICE DEPT,Accepted,JEFFERSON,,,3RD,ST,S,,WELLINGTON,,,,,38.18389061,-85.76582782,1.153,44360,1841,2,1,0,1,CLEAR,DRY,FALSE,COLLISION WITH BICYCLE IN INTERSECTION,SINGLE VEHICLE,STRAIGHT & LEVEL,DAYLIGHT,,,44361.37751,FALSE,5367,Accepted
28251606,0568000,LOUISVILLE METRO POLICE DEPT,Accepted,JEFFERSON,,,34TH,ST,N,,DUNCAN,,,,,38.26485284,-85.80639797,0.531,44360,1405,2,1,0,1,CLEAR,DRY,FALSE,COLLISION WITH BICYCLE IN INTERSECTION,SINGLE VEHICLE,STRAIGHT & LEVEL,DAYLIGHT,,,44361.37515,FALSE,5282,Accepted
28242236,0568000,LOUISVILLE METRO POLICE DEPT,Accepted,JEFFERSON,KY0864,4930,POPLAR LEVEL,RD,,,,,,,,38.16646237,-85.68089539,8.806,44357,2035,2,1,0,1,CLEAR,DRY,FALSE,COLLISION IN PARKING LOT,SINGLE VEHICLE,STRAIGHT & LEVEL,DAYLIGHT,,,44358.37277,FALSE,5342,Accepted
28242206,0568000,LOUISVILLE METRO POLICE DEPT,Accepted,JEFFERSON,US0060A,,BERRY,BLVD,,,GEORGETOWN,,,,,38.19661736,-85.79336075,0.895,44356,1920,2,1,0,1,CLEAR,DRY,FALSE,COLLISION WITH BICYCLE IN INTERSECTION,SINGLE VEHICLE,STRAIGHT & LEVEL,DAYLIGHT,,,44358.3719,FALSE,7298,Accepted
28225363,0568000,LOUISVILLE METRO POLICE DEPT,Accepted,JEFFERSON,,,7TH,ST,S,,,,,,,38.2197397,-85.7778366,0.021,44352,0043,2,1,0,1,CLEAR,DRY,TRUE,COLLISION WITH BICYCLIST NON INTERSECTION,SINGLE VEHICLE,STRAIGHT & LEVEL,DARK-HWY LIGHTED/ON,,,44354.40725,FALSE,5239,Accepted
28225340,0568000,LOUISVILLE METRO POLICE DEPT,Accepted,JEFFERSON,US0150,,BROADWAY,,W,KY1020,2ND,,,,,38.24582838,-85.75506388,2.559,44351,1434,2,1,0,1,CLEAR,DRY,FALSE,COLLISION WITH BICYCLE IN INTERSECTION,SINGLE VEHICLE,STRAIGHT & LEVEL,DAYLIGHT,,,44354.40627,FALSE,7239,Accepted
28215240,0568000,LOUISVILLE METRO POLICE DEPT,Accepted,JEFFERSON,US0060A,,WINKLER,AVE,,,4TH,,,,,38.21033116,-85.76466038,3.072,44350,1147,2,1,0,1,RAINING,WET,FALSE,COLLISION WITH BICYCLE IN INTERSECTION,SINGLE VEHICLE,STRAIGHT & LEVEL,DAYLIGHT,,,44351.38003,FALSE,2745,Accepted
28309371,0568000,LOUISVILLE METRO POLICE DEPT,Accepted,JEFFERSON,US0031W,7600,DIXIE,HWY,,,,,,,,38.14291255,-85.8399874,11.64,44349,0151,3,1,1,1,RAINING,WET,FALSE,COLLISION WITH BICYCLIST NON INTERSECTION,SINGLE VEHICLE,STRAIGHT & LEVEL,DARK-HWY NOT LIGHTED,,,44376.37492,FALSE,2217,Accepted
28212979,0560400,SHIVELY POLICE DEPARTMENT,Accepted,JEFFERSON,,,HILLSIDE,DR,,,,KY2051,ROCKFORD,,KLAGES,38.17552429,-85.82583845,0.008,44349,1401,2,1,0,1,RAINING,WET,FALSE,COLLISION WITH BICYCLIST NON INTERSECTION,SINGLE VEHICLE,STRAIGHT & LEVEL,DAYLIGHT,,,44350.838,FALSE,7124,Accepted
28200980,0568000,LOUISVILLE METRO POLICE DEPT,Accepted,JEFFERSON,,,MARKET,ST,W,,,,32ND,,30TH,38.26059998,-85.80393128,0.96,44347,1700,2,1,0,1,CLEAR,DRY,FALSE,COLLISION WITH BICYCLIST NON INTERSECTION,SINGLE VEHICLE,STRAIGHT & HILLCREST,DAYLIGHT,,,44348.40047,FALSE,7463,Accepted
28173265,0568000,LOUISVILLE METRO POLICE DEPT,Accepted,JEFFERSON,KY1747,3215,FERN VALLEY,RD,,,,,,,,38.15704546,-85.70497155,1.495,44340,1809,2,1,0,1,CLEAR,DRY,FALSE,COLLISION WITH BICYCLIST NON INTERSECTION,SINGLE VEHICLE,STRAIGHT & LEVEL,DAYLIGHT,,,44341.36204,FALSE,5336,Accepted
28168070,0568000,LOUISVILLE METRO POLICE DEPT,Accepted,JEFFERSON,,,FLOYD,ST,S,,,,JACOB,,COLLEGE,38.24351078,-85.75002665,0.847,44339,2136,2,1,0,0,CLEAR,DRY,FALSE,COLLISION WITH BICYCLIST NON INTERSECTION,SINGLE VEHICLE,STRAIGHT & LEVEL,DARK-HWY LIGHTED/ON,,,44340.39921,FALSE,5204,Accepted
28167984,0568000,LOUISVILLE METRO POLICE DEPT,Accepted,JEFFERSON,,,HANCOCK,ST,S,US0150,BROADWAY,,,,,38.2450422,-85.74360737,0.693,44337,0708,2,1,0,1,CLEAR,DRY,TRUE,COLLISION WITH PEDESTRIAN IN INTERSECTION,SINGLE VEHICLE,STRAIGHT & LEVEL,DUSK,,,44340.39537,FALSE,5135,Accepted
28153840,0568000,LOUISVILLE METRO POLICE DEPT,Accepted,JEFFERSON,,,MUHAMMAD ALI,BLVD,W,,24TH,,,,,38.25500126,-85.7914945,2.133,44335,1713,2,1,0,0,CLEAR,DRY,FALSE,COLLISION WITH BICYCLE IN INTERSECTION,SINGLE VEHICLE,STRAIGHT & LEVEL,DAYLIGHT,,,44336.3651,FALSE,7805,Accepted
28144979,0568000,LOUISVILLE METRO POLICE DEPT,Accepted,JEFFERSON,,,STRAWBERRY,LN,,,EILER,,,,,38.16529151,-85.75480214,0.731,44334,0325,2,1,0,1,CLEAR,DRY,TRUE,COLLISION WITH BICYCLE IN INTERSECTION,SINGLE VEHICLE,STRAIGHT & LEVEL,DARK-HWY NOT LIGHTED,,,44334.41703,FALSE,7362,Accepted
28153853,0568000,LOUISVILLE METRO POLICE DEPT,Accepted,JEFFERSON,,1833,RIVER,RD,,,,,,,,38.26769353,-85.71687151,1.754,44329,2232,2,1,0,1,CLEAR,DRY,FALSE,COLLISION WITH BICYCLIST NON INTERSECTION,SINGLE VEHICLE,STRAIGHT & LEVEL,DARK-HWY NOT LIGHTED,,,44336.36563,FALSE,5243,Accepted
28128338,0560400,SHIVELY POLICE DEPARTMENT,Accepted,JEFFERSON,KY1931,,7TH ST,RD,,,,,OLEANDA,,ARCADE,38.20935347,-85.78717033,9.609,44329,1333,2,1,0,1,CLEAR,DRY,TRUE,COLLISION WITH PEDESTRIAN NON - INTERSECTION,SINGLE VEHICLE,STRAIGHT & LEVEL,DAYLIGHT,,,44329.83856,FALSE,7105,Accepted
28130402,0568000,LOUISVILLE METRO POLICE DEPT,Accepted,JEFFERSON,KY1447,,WESTPORT,RD,,,KENNERSLEY,,,,,38.28290525,-85.5848589,4.458,44329,1023,2,1,0,1,CLEAR,DRY,FALSE,COLLISION WITH BICYCLE IN INTERSECTION,SINGLE VEHICLE,STRAIGHT & LEVEL,DAYLIGHT,,,44330.37909,FALSE,7313,Accepted
28130454,0568000,LOUISVILLE METRO POLICE DEPT,Accepted,JEFFERSON,,7211,RIVER,RD,,,,,,,,38.3381739,-85.62657179,5.951,44328,2244,1,0,0,1,CLEAR,DRY,TRUE,OTHER ROADWAY OR MID-BLOCK COLLISION,SINGLE VEHICLE,STRAIGHT & LEVEL,DARK-HWY NOT LIGHTED,,,44330.38095,FALSE,5056,Accepted
28121375,0568000,LOUISVILLE METRO POLICE DEPT,Accepted,JEFFERSON,,,KENT,RD,,,,,,,,38.22180871,-85.65955919,0.031,44327,1629,2,1,0,1,CLEAR,DRY,FALSE,COLLISION WITH BICYCLIST NON INTERSECTION,SINGLE VEHICLE,STRAIGHT & LEVEL,DAYLIGHT,,,44328.34197,FALSE,5354,Accepted
28225429,0568000,LOUISVILLE METRO POLICE DEPT,Accepted,JEFFERSON,KY1932,,BRECKENRIDGE,LN,,,BERKSHIRE,,,,,38.2224753,-85.63269116,3.065,44327,0040,2,1,0,1,OTHER,DRY,FALSE,COLLISION WITH BICYCLE IN INTERSECTION,SINGLE VEHICLE,STRAIGHT & LEVEL,DARK (UNKNOWN ROADWAY LIGHTING),,,44354.41174,FALSE,5153,Accepted
28084052,0568000,LOUISVILLE METRO POLICE DEPT,Accepted,JEFFERSON,US0060A,1540,BERRY,BLVD,,,,,,,,38.19659194,-85.79084908,1.038,44318,0112,2,1,0,1,CLEAR,DRY,TRUE,COLLISION WITH BICYCLIST NON INTERSECTION,SINGLE VEHICLE,STRAIGHT & LEVEL,DARK-HWY LIGHTED/ON,,,44319.40179,FALSE,5205,Accepted
28083967,0568000,LOUISVILLE METRO POLICE DEPT,Accepted,JEFFERSON,,,GILMORE,LN,,,,,HELCK,,CRAFTY,38.17625792,-85.7103383,0.176,44316,1719,2,1,0,0,CLEAR,DRY,FALSE,COLLISION WITH BICYCLIST NON INTERSECTION,SINGLE VEHICLE,STRAIGHT & LEVEL,DAYLIGHT,,,44319.39525,FALSE,7451,Accepted
28065665,0566700,MIDDLETOWN POLICE DEPARTMENT,Accepted,JEFFERSON,,,MAIN,ST,,,,,MADISON,,LOCUST,38.24556912,-85.53900372,0.434,44313,1650,2,1,0,0,CLOUDY,DRY,FALSE,COLLISION IN PARKING LOT,SINGLE VEHICLE,STRAIGHT & LEVEL,DAYLIGHT,,,44314.31058,FALSE,2011,Accepted
28150646,0568000,LOUISVILLE METRO POLICE DEPT,Accepted,JEFFERSON,,,TYLER,LN,,,ELEANOR,,,,,38.21647734,-85.67972939,0.67,44312,2140,2,1,0,3,CLEAR,DRY,FALSE,COLLISION WITH BICYCLE IN INTERSECTION,SINGLE VEHICLE,STRAIGHT & LEVEL,DARK-HWY NOT LIGHTED,,,44335.61978,FALSE,2034,Accepted
28139931,0568000,LOUISVILLE METRO POLICE DEPT,Accepted,JEFFERSON,KY0061,,PRESTON,HWY,,,KFEC GATE6 DR,,,,,38.19943,-85.73276547,8.899,44302,2140,2,1,0,0,CLEAR,DRY,TRUE,COLLISION WITH BICYCLE IN INTERSECTION,SINGLE VEHICLE,STRAIGHT & LEVEL,DARK-HWY LIGHTED/ON,,,44333.3579,FALSE,7972,Accepted
28000300,0568000,LOUISVILLE METRO POLICE DEPT,Accepted,JEFFERSON,,1748,HILL,ST,W,,MCCLOSKEY,,,,,38.22818981,-85.78731254,1.666,44296,1550,2,1,0,1,CLOUDY,WET,FALSE,COLLISION WITH PEDESTRIAN IN INTERSECTION,SINGLE VEHICLE,STRAIGHT & LEVEL,DAYLIGHT,,,44298.37069,FALSE,7184,Accepted
28000360,0568000,LOUISVILLE METRO POLICE DEPT,Accepted,JEFFERSON,,,3RD,ST,S,,WELLINGTON,,,,,38.18391242,-85.7658052,1.155,44296,2152,2,1,0,0,CLEAR,DRY,FALSE,COLLISION WITH BICYCLE IN INTERSECTION,SINGLE VEHICLE,STRAIGHT & LEVEL,DARK-HWY LIGHTED/ON,,,44298.37144,FALSE,5337,Accepted
28000264,0568000,LOUISVILLE METRO POLICE DEPT,Accepted,JEFFERSON,,,26TH,ST,N,,MAIN,,,,,38.26074503,-85.79357494,0.001,44295,2205,2,1,0,1,CLEAR,DRY,FALSE,COLLISION WITH BICYCLE IN INTERSECTION,SINGLE VEHICLE,STRAIGHT & LEVEL,DARK-HWY NOT LIGHTED,,,44298.36954,FALSE,7386,Accepted
27977037,0568000,LOUISVILLE METRO POLICE DEPT,Accepted,JEFFERSON,US0150,,BROADWAY,,W,,12TH ST CONN,,,,,38.24757921,-85.77161511,1.651,44291,1232,2,1,0,1,CLEAR,DRY,FALSE,COLLISION WITH BICYCLE IN INTERSECTION,SINGLE VEHICLE,STRAIGHT & LEVEL,DAYLIGHT,,,44292.43704,FALSE,7937,Accepted
27971894,0566700,MIDDLETOWN POLICE DEPARTMENT,Accepted,JEFFERSON,,259,WOODED FALLS,RD,,,,,,,,38.23363558,-85.51816083,,44290,1902,3,2,0,0,CLEAR,DRY,FALSE,COLLISION WITH BICYCLIST NON INTERSECTION,SIDESWIPE-OPPOSITE DIRECTION,STRAIGHT & GRADE,DAYLIGHT,,,44291.30646,FALSE,2015,Accepted
27972291,0568000,LOUISVILLE METRO POLICE DEPT,Accepted,JEFFERSON,,,NIGHTINGALE,RD,,,EAGLE,,,,,38.20566629,-85.71916465,0.136,44288,1532,2,1,0,1,CLEAR,DRY,FALSE,COLLISION WITH BICYCLE IN INTERSECTION,SINGLE VEHICLE,STRAIGHT & LEVEL,DAYLIGHT,,,44291.37214,FALSE,7448,Accepted
27954744,0568000,LOUISVILLE METRO POLICE DEPT,Accepted,JEFFERSON,,,GRADE,LN,,,GRADE LN CONN,,,,,38.16307652,-85.72173068,1.291,44287,0531,2,1,0,1,CLEAR,DRY,FALSE,COLLISION WITH BICYCLE IN INTERSECTION,SINGLE VEHICLE,STRAIGHT & LEVEL,DARK-HWY LIGHTED/ON,,,44287.38057,FALSE,5269,Accepted
27941438,0568000,LOUISVILLE METRO POLICE DEPT,Accepted,JEFFERSON,US0060A,,LEXINGTON,RD,,,GRINSTEAD,,,,,38.24556211,-85.70152369,8.012,44281,1118,2,1,0,1,CLEAR,DRY,FALSE,COLLISION WITH BICYCLE IN INTERSECTION,SINGLE VEHICLE,STRAIGHT & LEVEL,DAYLIGHT,,,44284.36491,FALSE,2100,Accepted
27914349,0568000,LOUISVILLE METRO POLICE DEPT,Accepted,JEFFERSON,,,4TH,ST,S,US0060A,WINKLER,,,,,38.21016624,-85.76470224,3.235,44276,1126,2,1,0,1,CLEAR,DRY,FALSE,COLLISION WITH BICYCLE IN INTERSECTION,SINGLE VEHICLE,STRAIGHT & LEVEL,DAYLIGHT,,,44277.3547,FALSE,5343,Accepted
27928224,0568000,LOUISVILLE METRO POLICE DEPT,Accepted,JEFFERSON,US0150,,BROADWAY,,W,,13TH,,,,,38.24778767,-85.77329043,1.563,44276,1230,2,1,0,1,CLEAR,DRY,TRUE,OTHER INTERSECTION COLLISIONS,SINGLE VEHICLE,STRAIGHT & LEVEL,DAYLIGHT,,,44280.34508,FALSE,5172,Accepted
27886281,0568000,LOUISVILLE METRO POLICE DEPT,Accepted,JEFFERSON,,,PRESTON,ST,N,US0031E,MAIN,,,,,38.25545507,-85.74588937,0.002,44268,1520,2,1,0,1,CLEAR,DRY,FALSE,COLLISION WITH BICYCLE IN INTERSECTION,SINGLE VEHICLE,STRAIGHT & LEVEL,DAYLIGHT,,,44270.388,FALSE,7058,Accepted
28014536,0568000,LOUISVILLE METRO POLICE DEPT,Accepted,JEFFERSON,,,PHILLIPS,LN,,,FREEDOM,,,,,38.19381285,-85.73917184,0.769,44267,2214,2,1,0,1,CLEAR,DRY,FALSE,COLLISION WITH BICYCLE IN INTERSECTION,SINGLE VEHICLE,STRAIGHT & LEVEL,DARK-HWY LIGHTED/ON,,,44301.37102,FALSE,5300,Accepted
27858682,0568000,LOUISVILLE METRO POLICE DEPT,Accepted,JEFFERSON,,,BLUEGRASS,AVE,,,,,,,,38.17945919,-85.78642288,0.68,44262,1518,2,1,0,1,CLEAR,DRY,FALSE,COLLISION WITH BICYCLIST NON INTERSECTION,SINGLE VEHICLE,STRAIGHT & LEVEL,DAYLIGHT,,,44263.46297,FALSE,8281,Accepted
27838165,0568000,LOUISVILLE METRO POLICE DEPT,Accepted,JEFFERSON,,,PAYNE,ST,,,CLIFTON,,,,,38.25244552,-85.70610891,1.481,44257,1050,2,1,0,1,CLEAR,DRY,FALSE,COLLISION WITH BICYCLE IN INTERSECTION,SINGLE VEHICLE,STRAIGHT & HILLCREST,DAYLIGHT,,,44258.3444,FALSE,5330,Accepted
27631056,0568000,LOUISVILLE METRO POLICE DEPT,Accepted,JEFFERSON,,351,25TH,ST,N,,,,,,,38.26532824,-85.79028762,0.429,44198,1742,2,1,0,1,CLEAR,DRY,TRUE,COLLISION WITH BICYCLIST NON INTERSECTION,SINGLE VEHICLE,STRAIGHT & LEVEL,DARK-HWY LIGHTED/ON,,,44200.41235,FALSE,7220,Accepted
27631008,0568000,LOUISVILLE METRO POLICE DEPT,Accepted,JEFFERSON,,7450,JEFFERSON,BLVD,,,,,,,,38.14167553,-85.67705611,,44197,1621,2,1,0,0,CLOUDY,DRY,FALSE,COLLISION WITH BICYCLIST NON INTERSECTION,SINGLE VEHICLE,STRAIGHT & LEVEL,DAYLIGHT,,,44200.41007,FALSE,2547,Accepted
27630984,0568000,LOUISVILLE METRO POLICE DEPT,Accepted,JEFFERSON,,,6TH,ST,S,US0150,BROADWAY,,,,,38.24632388,-85.7617172,0.742,44196,2212,2,1,0,1,CLEAR,DRY,TRUE,COLLISION WITH BICYCLE IN INTERSECTION,SINGLE VEHICLE,STRAIGHT & LEVEL,DARK-HWY LIGHTED/ON,,,44200.40841,FALSE,7325,Accepted
27608363,0568000,LOUISVILLE METRO POLICE DEPT,Accepted,JEFFERSON,KY1020,,2ND,ST,S,US0150,BROADWAY,,,,,38.24587757,-85.75507427,12.095,44193,0551,2,1,0,1,CLEAR,DRY,FALSE,COLLISION WITH BICYCLE IN INTERSECTION,SINGLE VEHICLE,STRAIGHT & LEVEL,DARK-HWY LIGHTED/ON,,,44193.45077,FALSE,7111,Accepted
27595291,0560400,SHIVELY POLICE DEPARTMENT,Accepted,JEFFERSON,US0031W,4400B,DIXIE,HWY,,,,,,,,38.18134757,-85.81565756,14.478,44187,1639,2,1,0,0,CLEAR,DRY,FALSE,COLLISION IN PARKING LOT,SINGLE VEHICLE,STRAIGHT & LEVEL,DAYLIGHT,,,44187.83485,FALSE,7128,Accepted
27562930,0568000,LOUISVILLE METRO POLICE DEPT,Accepted,JEFFERSON,,,GREENWOOD,AVE,,,34TH,,,,,38.24319642,-85.80953094,1.216,44177,1320,2,1,0,1,CLEAR,DRY,FALSE,COLLISION WITH BICYCLE IN INTERSECTION,SINGLE VEHICLE,STRAIGHT & LEVEL,DAYLIGHT,,,44179.37147,FALSE,5338,Accepted
27562870,0568000,LOUISVILLE METRO POLICE DEPT,Accepted,JEFFERSON,,4603,BLENHEIM,RD,,,,,,,,38.25519349,-85.62717876,0.895,44176,1141,2,1,0,1,CLEAR,DRY,FALSE,COLLISION WITH BICYCLIST NON INTERSECTION,SINGLE VEHICLE,STRAIGHT & LEVEL,DAYLIGHT,,,44179.36876,FALSE,7746,Accepted
27554355,0568000,LOUISVILLE METRO POLICE DEPT,Accepted,JEFFERSON,,,4TH,ST,N,KY3077,RIVER,,,,,38.25861973,-85.75614153,0.138,44175,1244,2,1,0,1,CLEAR,DRY,FALSE,COLLISION WITH BICYCLE IN INTERSECTION,SINGLE VEHICLE,STRAIGHT & GRADE,DAYLIGHT,,,44176.33951,FALSE,7229,Accepted
27554336,0568000,LOUISVILLE METRO POLICE DEPT,Accepted,JEFFERSON,,,HALE,AVE,,,DIXIE,,,,,38.23803624,-85.78656553,0.435,44174,1800,2,1,0,0,CLEAR,DRY,FALSE,COLLISION WITH BICYCLE IN INTERSECTION,SINGLE VEHICLE,STRAIGHT & LEVEL,DUSK,,,44176.33857,FALSE,7841,Accepted
27537296,0568000,LOUISVILLE METRO POLICE DEPT,Accepted,JEFFERSON,KY2048,,CANNONS,LN,,,WILLIS,,,,,38.24629284,-85.66431021,2.09,44170,1145,2,1,0,0,CLEAR,DRY,FALSE,COLLISION WITH BICYCLE IN INTERSECTION,SINGLE VEHICLE,STRAIGHT & LEVEL,DAYLIGHT,,,44172.4431,FALSE,7632,Accepted
27520062,0568000,LOUISVILLE METRO POLICE DEPT,Accepted,JEFFERSON,US0150,1033,BROADWAY,,W,,,,,,,38.24732649,-85.76923763,1.781,44167,0648,2,1,0,1,CLEAR,DRY,FALSE,COLLISION WITH BICYCLIST NON INTERSECTION,SINGLE VEHICLE,STRAIGHT & LEVEL,DUSK,,,44167.36127,FALSE,7386,Accepted
27461747,0568000,LOUISVILLE METRO POLICE DEPT,Accepted,JEFFERSON,,,INDIAN,TRL,E,,LEAMINGTON SPA,,,,,38.16865499,-85.70127915,0.288,44148,2132,2,1,0,1,CLEAR,DRY,FALSE,COLLISION WITH BICYCLE IN INTERSECTION,SINGLE VEHICLE,STRAIGHT & LEVEL,DARK-HWY LIGHTED/ON,,,44151.43163,FALSE,5189,Accepted
27475123,0568000,LOUISVILLE METRO POLICE DEPT,Accepted,JEFFERSON,KY1020,,NATIONAL,TPKE,,,TOLLS,,,,,38.13576578,-85.75241181,4.29,44146,0124,2,1,0,1,CLEAR,DRY,FALSE,COLLISION WITH BICYCLE IN INTERSECTION,SINGLE VEHICLE,STRAIGHT & LEVEL,DARK-HWY NOT LIGHTED,,,44154.3398,FALSE,7772,Accepted
27438264,0568000,LOUISVILLE METRO POLICE DEPT,Accepted,JEFFERSON,KY1931,2000,7TH ST,RD,,,,,,,,38.21988097,-85.7775906,10.489,44144,0845,2,1,0,1,CLEAR,DRY,FALSE,COLLISION IN PARKING LOT,SINGLE VEHICLE,STRAIGHT & LEVEL,DAYLIGHT,,,44145.34604,FALSE,7772,Accepted
27438283,0568000,LOUISVILLE METRO POLICE DEPT,Accepted,JEFFERSON,KY1931,,ST ANDREWS CHURCH,RD,,,,,,,,38.14521493,-85.83289524,3.548,44144,2221,2,1,0,0,CLEAR,DRY,FALSE,COLLISION WITH BICYCLIST NON INTERSECTION,SINGLE VEHICLE,STRAIGHT & LEVEL,DARK-HWY NOT LIGHTED,,,44145.34692,FALSE,5212,Accepted
27446872,0568000,LOUISVILLE METRO POLICE DEPT,Accepted,JEFFERSON,KY1932,,BRECKENRIDGE,LN,,,,US0060,SHELBYVILLE,,WILLIS,38.25221728,-85.65485513,5.469,44141,1648,2,2,0,1,CLEAR,DRY,FALSE,COLLISION WITH BICYCLIST NON INTERSECTION,SIDESWIPE-SAME DIRECTION,STRAIGHT & LEVEL,DAYLIGHT,,,44147.38956,FALSE,2673,Accepted
27406671,0568000,LOUISVILLE METRO POLICE DEPT,Accepted,JEFFERSON,,,33RD,ST,N,KY3082,BANK,,,,,38.27264091,-85.80068965,0.139,44134,1920,2,1,0,1,CLEAR,DRY,FALSE,COLLISION WITH BICYCLE IN INTERSECTION,SINGLE VEHICLE,CURVE & LEVEL,DARK-HWY LIGHTED/ON,,,44137.54927,FALSE,7190,Accepted
27406627,0568000,LOUISVILLE METRO POLICE DEPT,Accepted,JEFFERSON,US0150,,BROADWAY,,W,,16TH,,,,,38.24842689,-85.77821203,1.284,44134,0715,2,1,0,1,CLEAR,DRY,TRUE,COLLISION WITH BICYCLE IN INTERSECTION,SINGLE VEHICLE,STRAIGHT & LEVEL,DARK (UNKNOWN ROADWAY LIGHTING),,,44137.5474,FALSE,5273,Accepted
27395330,0568000,LOUISVILLE METRO POLICE DEPT,Accepted,JEFFERSON,US0150,,BROADWAY,,E,,FLOYD,,,,,38.24544942,-85.74968833,2.845,44133,0759,2,1,0,0,RAINING,WET,FALSE,COLLISION WITH BICYCLE IN INTERSECTION,SINGLE VEHICLE,STRAIGHT & LEVEL,DARK-HWY LIGHTED/ON,,,44134.35335,FALSE,7863,Accepted
27414450,0568000,LOUISVILLE METRO POLICE DEPT,Accepted,JEFFERSON,,,CENTRAL,AVE,,,RODMAN,,,,,38.20571221,-85.77051909,0.714,44133,1806,2,1,0,0,RAINING,WET,FALSE,COLLISION WITH BICYCLE IN INTERSECTION,SINGLE VEHICLE,STRAIGHT & LEVEL,DAYLIGHT,,,44139.41687,FALSE,2499,Accepted
27386624,0568000,LOUISVILLE METRO POLICE DEPT,Accepted,JEFFERSON,,,OAK,ST,W,,6TH,,,,,38.23531912,-85.76357032,0.451,44131,2003,2,1,0,1,CLEAR,DRY,FALSE,COLLISION WITH BICYCLE IN INTERSECTION,SINGLE VEHICLE,STRAIGHT & LEVEL,DARK-HWY LIGHTED/ON,,,44132.34482,FALSE,5152,Accepted
27349468,0568000,LOUISVILLE METRO POLICE DEPT,Accepted,JEFFERSON,,,EL PRADO,ST,,,,,,,,38.11261538,-85.85571544,0.215,44120,1710,2,1,0,1,CLEAR,DRY,FALSE,COLLISION WITH BICYCLIST NON INTERSECTION,SINGLE VEHICLE,STRAIGHT & LEVEL,DAYLIGHT,,,44123.37645,FALSE,7234,Accepted
27335292,0568000,LOUISVILLE METRO POLICE DEPT,Accepted,JEFFERSON,US0150,,BROADWAY,,E,,1ST,,,,,38.24571298,-85.75336157,2.657,44118,0948,2,1,0,1,CLEAR,DRY,FALSE,COLLISION WITH BICYCLE IN INTERSECTION,SINGLE VEHICLE,STRAIGHT & LEVEL,DAYLIGHT,,,44119.33979,FALSE,5324,Accepted
27330668,0568000,LOUISVILLE METRO POLICE DEPT,Accepted,JEFFERSON,,,RONALD,CT,,KY1934,CANE RUN,,,,,38.2025349,-85.83292346,0.004,44117,1609,2,1,0,1,CLEAR,DRY,FALSE,COLLISION WITH BICYCLE IN INTERSECTION,SINGLE VEHICLE,STRAIGHT & LEVEL,DAYLIGHT,,,44118.38384,FALSE,5280,Accepted
27301377,0568000,LOUISVILLE METRO POLICE DEPT,Accepted,JEFFERSON,KY3064,,NORTHWESTERN,PKWY,,,,,,,,38.27476782,-85.80348581,1.244,44110,2226,2,1,0,1,CLEAR,DRY,FALSE,COLLISION WITH BICYCLIST NON INTERSECTION,SINGLE VEHICLE,STRAIGHT & LEVEL,DARK-HWY LIGHTED/ON,,,44111.34491,FALSE,7430,Accepted
27301349,0568000,LOUISVILLE METRO POLICE DEPT,Accepted,JEFFERSON,US0042,,MELLWOOD,AVE,,,SPRING,,,,,38.2555501,-85.72227826,0.583,44109,1330,2,1,0,1,CLEAR,DRY,FALSE,COLLISION WITH BICYCLE IN INTERSECTION,SINGLE VEHICLE,STRAIGHT & LEVEL,DAYLIGHT,,,44111.34368,FALSE,5320,Accepted
27291674,0568000,LOUISVILLE METRO POLICE DEPT,Accepted,JEFFERSON,US0060,,SHELBYVILLE,RD,,,CHRISTIAN,,,,,38.24878027,-85.60619848,6.206,44108,0822,2,1,0,1,CLOUDY,DRY,FALSE,COLLISION WITH BICYCLE IN INTERSECTION,SINGLE VEHICLE,STRAIGHT & LEVEL,DAWN,,,44109.39249,FALSE,5304,Accepted
27310500,0568000,LOUISVILLE METRO POLICE DEPT,Accepted,JEFFERSON,,,FLORENCE,AVE,W,,CENTER,,,,,38.19107459,-85.77371674,0.546,44107,1521,2,1,0,1,CLEAR,DRY,FALSE,COLLISION WITH BICYCLE IN INTERSECTION,SINGLE VEHICLE,STRAIGHT & LEVEL,DAYLIGHT,,,44113.33736,FALSE,5123,Accepted
27291570,0568000,LOUISVILLE METRO POLICE DEPT,Accepted,JEFFERSON,KY0061,,PRESTON,ST,S,,ROSELANE,,,,,38.24290615,-85.7479279,12.083,44106,1105,2,1,0,0,CLEAR,DRY,TRUE,COLLISION WITH BICYCLE IN INTERSECTION,SINGLE VEHICLE,STRAIGHT & LEVEL,DAYLIGHT,,,44109.38734,FALSE,5120,Accepted
27276816,0568000,LOUISVILLE METRO POLICE DEPT,Accepted,JEFFERSON,KY1931,,GREENWOOD,RD,,,,,,,,38.14457428,-85.86723871,1.608,44104,1510,2,1,0,1,CLEAR,DRY,FALSE,COLLISION WITH BICYCLIST NON INTERSECTION,SINGLE VEHICLE,STRAIGHT & LEVEL,DAYLIGHT,,,44105.3442,FALSE,7234,Accepted
27284882,0560400,SHIVELY POLICE DEPARTMENT,Accepted,JEFFERSON,,,CLINTON,PL,,US0031W,DIXIE,,,,,38.20478834,-85.79995782,,44104,1222,2,1,0,1,CLEAR,DRY,FALSE,COLLISION WITH BICYCLE IN INTERSECTION,SINGLE VEHICLE,STRAIGHT & HILLCREST,DAYLIGHT,,,44107.24195,FALSE,7106,Accepted
27258343,0568000,LOUISVILLE METRO POLICE DEPT,Accepted,JEFFERSON,,,JAMES R,RD,,,GLENGARRY,,,,,38.12307424,-85.75680695,0.116,44099,1659,2,1,0,1,CLEAR,DRY,FALSE,COLLISION WITH BICYCLE IN INTERSECTION,SINGLE VEHICLE,STRAIGHT & LEVEL,DAYLIGHT,,,44100.73791,FALSE,7202,Accepted
27240734,0568000,LOUISVILLE METRO POLICE DEPT,Accepted,JEFFERSON,KY1065,,OUTER,LOOP,,,,,,,,38.13697959,-85.70680865,4.924,44095,2049,2,1,0,1,CLEAR,DRY,FALSE,COLLISION WITH BICYCLIST NON INTERSECTION,SINGLE VEHICLE,CURVE & LEVEL,DUSK,,,44096.35065,FALSE,5270,Accepted
27236008,0568000,LOUISVILLE METRO POLICE DEPT,Accepted,JEFFERSON,,,WHITNEY,AVE,W,,3RD,,,,,38.19396391,-85.76494673,0.991,44094,2056,2,1,0,0,CLEAR,DRY,TRUE,COLLISION WITH BICYCLE IN INTERSECTION,SINGLE VEHICLE,STRAIGHT & LEVEL,DARK-HWY LIGHTED/ON,,,44095.38535,FALSE,5252,Accepted
27235973,0568000,LOUISVILLE METRO POLICE DEPT,Accepted,JEFFERSON,,9412,PIROUETTE,AVE,,,,,,,,38.11514039,-85.76919106,0.119,44093,1835,2,1,0,1,CLEAR,DRY,FALSE,COLLISION WITH BICYCLIST NON INTERSECTION,SINGLE VEHICLE,CURVE & LEVEL,DAYLIGHT,,,44095.38386,FALSE,7483,Accepted
27235952,0568000,LOUISVILLE METRO POLICE DEPT,Accepted,JEFFERSON,KY1934,,CANE RUN,RD,,,HARTLAGE,,,,,38.20036589,-85.83605429,9.295,44092,1358,2,1,0,1,CLEAR,DRY,FALSE,COLLISION WITH BICYCLE IN INTERSECTION,SINGLE VEHICLE,STRAIGHT & LEVEL,DAYLIGHT,,,44095.38315,FALSE,5257,Accepted
27196650,0568000,LOUISVILLE METRO POLICE DEPT,Accepted,JEFFERSON,,,DIXIE,HWY,,,,,LEE,,LEE,38.22668024,-85.79113155,1.604,44084,1010,2,1,0,1,CLEAR,DRY,FALSE,COLLISION WITH BICYCLIST NON INTERSECTION,SINGLE VEHICLE,STRAIGHT & LEVEL,DAYLIGHT,,,44085.34043,FALSE,5312,Accepted
27191724,0561000,JEFFERSONTOWN POLICE DEPT,Accepted,JEFFERSON,,,WOODED GLEN,RD,,,GARDEN LAKE,,,,,38.20916967,-85.59343052,0.53,44084,0607,2,1,0,0,CLEAR,DRY,FALSE,COLLISION WITH BICYCLE IN INTERSECTION,SINGLE VEHICLE,STRAIGHT & LEVEL,DARK-HWY LIGHTED/ON,,,44084.2916,FALSE,8302,Accepted
27192380,0568000,LOUISVILLE METRO POLICE DEPT,Accepted,JEFFERSON,US0031W,6514,DIXIE,HWY,,,,,,,,38.15576021,-85.83482459,12.416,44083,1451,2,1,0,1,CLEAR,DRY,FALSE,COLLISION IN PARKING LOT,SINGLE VEHICLE,STRAIGHT & LEVEL,DAYLIGHT,,,44084.39802,FALSE,7339,Accepted
27187102,0568000,LOUISVILLE METRO POLICE DEPT,Accepted,JEFFERSON,,,1ST,ST,S,US0150,BROADWAY,,,,,38.2457208,-85.75338409,0.721,44082,1310,2,1,0,0,CLEAR,DRY,TRUE,COLLISION WITH BICYCLE IN INTERSECTION,SINGLE VEHICLE,STRAIGHT & LEVEL,DAYLIGHT,,,44083.3581,FALSE,5320,Accepted
27187113,0568000,LOUISVILLE METRO POLICE DEPT,Accepted,JEFFERSON,,931,CHEROKEE,RD,,,,,EASTERN STAR,,HIGHLAND,38.24226726,-85.72400347,0.189,44082,1718,2,1,0,0,CLEAR,DRY,FALSE,COLLISION WITH BICYCLIST NON INTERSECTION,SINGLE VEHICLE,STRAIGHT & LEVEL,DAYLIGHT,,,44083.35864,FALSE,5020,Accepted
27179102,0560300,ST. MATTHEWS POLICE DEPARTMENT,Accepted,JEFFERSON,,3940,GRANDVIEW,AVE,,,,,,,,38.24933957,-85.65063034,0.744,44081,1223,2,1,0,1,CLEAR,DRY,FALSE,COLLISION WITH BICYCLIST NON INTERSECTION,SINGLE VEHICLE,STRAIGHT & LEVEL,DAYLIGHT,,,44081.67425,FALSE,9155,Accepted
27179580,0560400,SHIVELY POLICE DEPARTMENT,Accepted,JEFFERSON,KY2051,,ROCKFORD,LN,,,KEVIN,,,,,38.17772309,-85.84697947,1.335,44079,1224,2,1,0,0,CLEAR,DRY,FALSE,COLLISION WITH BICYCLE IN INTERSECTION,SINGLE VEHICLE,STRAIGHT & LEVEL,DAYLIGHT,,,44081.76225,FALSE,7088,Accepted
27187092,0568000,LOUISVILLE METRO POLICE DEPT,Accepted,JEFFERSON,KY0061,,PRESTON,ST,S,,ST CATHERINE,,,,,38.23622811,-85.74914646,11.617,44077,0525,2,1,0,1,RAINING,WET,FALSE,COLLISION WITH BICYCLE IN INTERSECTION,SINGLE VEHICLE,STRAIGHT & LEVEL,DARK-HWY LIGHTED/ON,,,44083.35768,FALSE,5204,Accepted
27158563,0568000,LOUISVILLE METRO POLICE DEPT,Accepted,JEFFERSON,,,CHESTNUT,ST,W,,30TH,,,,,38.25373971,-85.80090681,0.002,44075,0230,2,1,0,1,CLEAR,DRY,FALSE,COLLISION WITH BICYCLE IN INTERSECTION,SINGLE VEHICLE,STRAIGHT & LEVEL,DARK-HWY LIGHTED/ON,,,44076.37865,FALSE,5271,Accepted
27158551,0568000,LOUISVILLE METRO POLICE DEPT,Accepted,JEFFERSON,,,CANDLELIGHT,LN,,KY1865,NEW CUT,,,,,38.12980078,-85.77383856,0.649,44075,1531,2,1,0,1,CLEAR,DRY,FALSE,COLLISION WITH PEDESTRIAN IN INTERSECTION,SINGLE VEHICLE,STRAIGHT & LEVEL,DAYLIGHT,,,44076.37764,FALSE,7202,Accepted
27149920,0568000,LOUISVILLE METRO POLICE DEPT,Accepted,JEFFERSON,KY1020,,SOUTHSIDE,DR,,,SENECA,,,,,38.16035886,-85.76479006,6.237,44073,1240,2,1,0,1,CLEAR,DRY,TRUE,OTHER INTERSECTION COLLISIONS,SINGLE VEHICLE,STRAIGHT & LEVEL,DAYLIGHT,,,44074.6128,FALSE,7424,Accepted
27158562,0568000,LOUISVILLE METRO POLICE DEPT,Accepted,JEFFERSON,KY1931,,7TH ST,RD,,KY2054,ALGONQUIN,,,,,38.21996716,-85.77754921,10.502,44072,1710,2,1,0,1,CLEAR,DRY,TRUE,COLLISION WITH BICYCLE IN INTERSECTION,SINGLE VEHICLE,STRAIGHT & LEVEL,DAYLIGHT,,,44076.37861,FALSE,5272,Accepted
27149944,0568000,LOUISVILLE METRO POLICE DEPT,Accepted,JEFFERSON,,,BROOK,ST,S,US0150,BROADWAY,,,,,38.24563763,-85.75179114,2.856,44070,1710,2,1,0,1,CLEAR,DRY,FALSE,COLLISION WITH BICYCLE IN INTERSECTION,SINGLE VEHICLE,STRAIGHT & LEVEL,DAYLIGHT,,,44074.61365,FALSE,2403,Accepted
27117978,0568000,LOUISVILLE METRO POLICE DEPT,Accepted,JEFFERSON,US0060A,1414,EASTERN,PKWY,,,,,HILL,,CROSS,38.22850934,-85.71616147,6.381,44064,0808,2,1,0,1,CLEAR,DRY,FALSE,COLLISION WITH BICYCLIST NON INTERSECTION,SINGLE VEHICLE,STRAIGHT & LEVEL,DAYLIGHT,,,44067.34813,FALSE,2439,Accepted
27103676,0568000,LOUISVILLE METRO POLICE DEPT,Accepted,JEFFERSON,,,KRAMERS,LN,,,,,,,,38.20137239,-85.83561759,0.042,44063,0412,2,1,0,0,CLEAR,DRY,FALSE,COLLISION WITH BICYCLIST NON INTERSECTION,SINGLE VEHICLE,CURVE & LEVEL,DARK-HWY LIGHTED/ON,,,44063.33868,FALSE,7973,Accepted
27103653,0568000,LOUISVILLE METRO POLICE DEPT,Accepted,JEFFERSON,US0031E,,BARDSTOWN,RD,,,GOLDSMITH,,,,,38.20831788,-85.66903686,11.771,44062,0804,2,1,0,1,CLEAR,DRY,FALSE,COLLISION WITH BICYCLE IN INTERSECTION,SINGLE VEHICLE,STRAIGHT & LEVEL,DAYLIGHT,,,44063.33751,FALSE,5028,Accepted
27103664,0568000,LOUISVILLE METRO POLICE DEPT,Accepted,JEFFERSON,US0042,3100,BROWNSBORO,RD,,,,,,,,38.2667619,-85.66241438,4.088,44061,1029,2,1,0,0,CLEAR,DRY,FALSE,COLLISION WITH BICYCLIST NON INTERSECTION,SINGLE VEHICLE,STRAIGHT & LEVEL,DAYLIGHT,,,44063.33803,FALSE,2738,Accepted
27276828,0568000,LOUISVILLE METRO POLICE DEPT,Accepted,JEFFERSON,US0031E,,BAXTER,AVE,,KY0864,CHESTNUT,,,,,38.25117281,-85.73294989,16.539,44060,0630,2,1,0,0,CLEAR,DRY,FALSE,COLLISION WITH BICYCLE IN INTERSECTION,SINGLE VEHICLE,STRAIGHT & LEVEL,DAWN,,,44105.34572,FALSE,5275,Accepted
27088573,0566700,MIDDLETOWN POLICE DEPARTMENT,Accepted,JEFFERSON,US0060,,SHELBYVILLE,RD,,,JUNEAU,,,,,38.24625484,-85.52636104,10.723,44057,2128,2,1,0,1,CLOUDY,DRY,FALSE,COLLISION WITH BICYCLE IN INTERSECTION,SINGLE VEHICLE,STRAIGHT & LEVEL,DARK-HWY NOT LIGHTED,,,44060.32715,FALSE,2015,Accepted
27088988,0568000,LOUISVILLE METRO POLICE DEPT,Accepted,JEFFERSON,,123,25TH,ST,N,,,,,,,38.26146511,-85.79110439,0.7,44057,1907,2,1,0,1,CLEAR,DRY,TRUE,COLLISION WITH BICYCLIST NON INTERSECTION,SINGLE VEHICLE,STRAIGHT & LEVEL,DAYLIGHT,,,44060.37406,FALSE,7430,Accepted
27069491,0568000,LOUISVILLE METRO POLICE DEPT,Accepted,JEFFERSON,,,TEXAS,AVE,,,,KY0864,GOSS,,SAMUEL,38.2259947,-85.73328078,0.844,44054,2021,2,1,0,0,CLEAR,DRY,FALSE,COLLISION WITH BICYCLIST NON INTERSECTION,SINGLE VEHICLE,STRAIGHT & LEVEL,DAYLIGHT,,,44055.34081,FALSE,5267,Accepted
27061165,0568000,LOUISVILLE METRO POLICE DEPT,Accepted,JEFFERSON,,,28TH,ST,S,,BROADWAY,,,,,38.24954668,-85.7983114,0.796,44053,0124,2,1,0,0,CLEAR,DRY,TRUE,COLLISION WITH BICYCLE IN INTERSECTION,SINGLE VEHICLE,STRAIGHT & LEVEL,DUSK,,,44053.49636,FALSE,7904,Accepted
27050200,0568000,LOUISVILLE METRO POLICE DEPT,Accepted,JEFFERSON,,825,28TH,ST,S,,,,,,,38.24677148,-85.79873527,0.993,44049,2345,2,1,0,1,CLEAR,DRY,TRUE,COLLISION WITH BICYCLIST NON INTERSECTION,SINGLE VEHICLE,STRAIGHT & LEVEL,DARK-HWY LIGHTED/ON,,,44050.35871,FALSE,5239,Accepted
27050214,0568000,LOUISVILLE METRO POLICE DEPT,Accepted,JEFFERSON,,,LYDIA,ST,,,,,,,,38.22054023,-85.73290854,0.16,44049,1845,2,1,0,1,CLEAR,DRY,FALSE,COLLISION WITH BICYCLIST NON INTERSECTION,SINGLE VEHICLE,STRAIGHT & LEVEL,DAYLIGHT,,,44050.35962,FALSE,5052,Accepted
27045548,0568000,LOUISVILLE METRO POLICE DEPT,Accepted,JEFFERSON,KY1865,,TAYLOR,BLVD,,I 0264,I264 W EXIT9 OFF RAMP TO KY1865,,,,,38.18983011,-85.78342288,5.753,44048,1708,2,1,0,1,CLEAR,DRY,FALSE,COLLISION WITH BICYCLE IN INTERSECTION,SINGLE VEHICLE,CURVE & LEVEL,DAYLIGHT,,,44049.3374,FALSE,7360,Accepted
27022227,0560400,SHIVELY POLICE DEPARTMENT,Accepted,JEFFERSON,US0031W,4436,DIXIE,HWY,,,,,,,,38.18061851,-85.81659222,14.411,44042,1341,2,1,0,1,RAINING,WET,FALSE,COLLISION IN PARKING LOT,SINGLE VEHICLE,STRAIGHT & LEVEL,DAYLIGHT,,,44043.36373,FALSE,7082,Accepted
26982550,0568000,LOUISVILLE METRO POLICE DEPT,Accepted,JEFFERSON,,,26TH,ST,S,,GREENWOOD,,,,,38.24193574,-85.79574447,1.302,44035,2053,2,1,0,1,CLOUDY,WET,TRUE,COLLISION WITH BICYCLE IN INTERSECTION,SINGLE VEHICLE,STRAIGHT & LEVEL,DAYLIGHT,,,44036.34268,FALSE,7973,Accepted
27008298,0561500,UNIV. OF LOUISVILLE POLICE,Accepted,JEFFERSON,US0150,315,BROADWAY,,E,,FLOYD,,,,,38.24557598,-85.75041005,2.804,44033,1215,2,1,0,1,CLEAR,DRY,FALSE,COLLISION IN PARKING LOT,SINGLE VEHICLE,STRAIGHT & LEVEL,DAYLIGHT,,,44040.45949,FALSE,5672,Accepted
26983719,0568000,LOUISVILLE METRO POLICE DEPT,Accepted,JEFFERSON,,,FRANKLIN,ST,,,BUCHANAN,,,,,38.2568998,-85.73141141,0.513,44033,1430,2,1,0,0,CLEAR,DRY,FALSE,COLLISION WITH BICYCLE IN INTERSECTION,SINGLE VEHICLE,STRAIGHT & LEVEL,DAYLIGHT,,,44036.53314,FALSE,2403,Accepted
26953327,0568000,LOUISVILLE METRO POLICE DEPT,Accepted,JEFFERSON,KY0841,,,,,,,,,,,38.11664962,-85.74807604,0.05,44031,1100,2,1,0,1,CLEAR,DRY,FALSE,OTHER RAMP RELATED COLLISIONS NOT LISTED ABOVE,SINGLE VEHICLE,STRAIGHT & LEVEL,DAYLIGHT,KY1020,KY0841,44032.3449,FALSE,7373,Accepted
26934447,0568000,LOUISVILLE METRO POLICE DEPT,Accepted,JEFFERSON,,,4TH,ST,S,US0060A,WINKLER,,,,,38.21032159,-85.7646872,3.221,44025,1757,2,1,0,1,CLEAR,DRY,FALSE,COLLISION WITH BICYCLE IN INTERSECTION,SINGLE VEHICLE,STRAIGHT & LEVEL,DAYLIGHT,,,44027.37058,FALSE,7094,Accepted
26902139,0568000,LOUISVILLE METRO POLICE DEPT,Accepted,JEFFERSON,,,3RD,ST,S,,KINGSTON,,,,,38.1730792,-85.76772769,1.777,44018,1752,2,1,0,1,CLEAR,DRY,FALSE,COLLISION WITH BICYCLE IN INTERSECTION,SINGLE VEHICLE,STRAIGHT & LEVEL,DAYLIGHT,,,44019.35464,FALSE,7048,Accepted
26897222,0568000,LOUISVILLE METRO POLICE DEPT,Accepted,JEFFERSON,,5116,PAGES,LN,W,,,,,,,38.13034967,-85.85308706,0.286,44017,1906,2,1,0,1,RAINING,WET,FALSE,COLLISION WITH BICYCLIST NON INTERSECTION,SINGLE VEHICLE,STRAIGHT & LEVEL,DAYLIGHT,,,44018.3836,FALSE,7264,Accepted
26897194,0568000,LOUISVILLE METRO POLICE DEPT,Accepted,JEFFERSON,,,CHESTNUT,ST,W,,27TH,,,,,38.25313844,-85.79595963,0.271,44016,2059,2,1,0,1,CLEAR,DRY,FALSE,COLLISION WITH BICYCLE IN INTERSECTION,SINGLE VEHICLE,STRAIGHT & LEVEL,DAYLIGHT,,,44018.38245,FALSE,5047,Accepted
26897217,0568000,LOUISVILLE METRO POLICE DEPT,Accepted,JEFFERSON,,,26TH,ST,S,,MAPLE,,,,,38.24788154,-85.79507631,0.862,44015,1838,2,1,0,1,CLEAR,DRY,TRUE,COLLISION WITH BICYCLE IN INTERSECTION,SINGLE VEHICLE,STRAIGHT & LEVEL,DAYLIGHT,,,44018.38334,FALSE,7387,Accepted
26887703,0568000,LOUISVILLE METRO POLICE DEPT,Accepted,JEFFERSON,US0150,,BROADWAY,,E,KY0061,PRESTON,,,,,38.24533146,-85.74767665,2.959,44014,1939,2,1,0,1,CLEAR,DRY,FALSE,COLLISION WITH BICYCLE IN INTERSECTION,SINGLE VEHICLE,STRAIGHT & LEVEL,DAYLIGHT,,,44015.38642,FALSE,5135,Accepted
26870841,0568000,LOUISVILLE METRO POLICE DEPT,Accepted,JEFFERSON,KY0061,,PRESTON,HWY,,KY1747,FERN VALLEY,,,,,38.15694507,-85.6969185,5.369,44009,1659,2,1,0,1,CLOUDY,DRY,FALSE,COLLISION WITH BICYCLE IN INTERSECTION,SINGLE VEHICLE,STRAIGHT & LEVEL,DAYLIGHT,,,44011.40189,FALSE,7669,Accepted
26865370,0560400,SHIVELY POLICE DEPARTMENT,Accepted,JEFFERSON,,,HILLSIDE,DR,,,,KY2051,ROCKFORD,,KLAGES,38.17545554,-85.82591198,0.002,44008,1713,2,1,0,1,CLEAR,DRY,FALSE,COLLISION WITH BICYCLIST NON INTERSECTION,SINGLE VEHICLE,STRAIGHT & LEVEL,DAYLIGHT,,,44009.32151,FALSE,7124,Accepted
26854698,0568000,LOUISVILLE METRO POLICE DEPT,Accepted,JEFFERSON,,,BROADWAY,,W,,28TH,,,,,38.24960535,-85.79825455,0.546,44005,1705,2,1,0,0,CLEAR,DRY,TRUE,COLLISION WITH BICYCLE IN INTERSECTION,SINGLE VEHICLE,STRAIGHT & LEVEL,DAYLIGHT,,,44006.52026,FALSE,7361,Accepted
26845815,0568000,LOUISVILLE METRO POLICE DEPT,Accepted,JEFFERSON,,,ST LOUIS,AVE,,,20TH,,,,,38.23339686,-85.78972004,0.305,44003,1444,2,1,0,1,CLOUDY,WET,FALSE,COLLISION WITH BICYCLE IN INTERSECTION,SINGLE VEHICLE,STRAIGHT & LEVEL,DAYLIGHT,,,44004.4417,FALSE,7184,Accepted
26857951,0568000,LOUISVILLE METRO POLICE DEPT,Accepted,JEFFERSON,,1304,LINCOLN,AVE,,,,,,,,38.2175371,-85.7782301,0.642,44003,1306,2,1,0,1,RAINING,WET,FALSE,COLLISION WITH BICYCLIST NON INTERSECTION,SINGLE VEHICLE,STRAIGHT & LEVEL,DAYLIGHT,,,44007.35563,FALSE,7094,Accepted
26845744,0568000,LOUISVILLE METRO POLICE DEPT,Accepted,JEFFERSON,US0031W,5124,DIXIE,HWY,,,,,,,,38.16643429,-85.82970331,13.159,44001,1307,2,1,0,1,CLEAR,DRY,TRUE,COLLISION WITH PEDESTRIAN NON - INTERSECTION,SINGLE VEHICLE,STRAIGHT & LEVEL,DAYLIGHT,,,44004.43808,FALSE,7485,Accepted
26836395,0568000,LOUISVILLE METRO POLICE DEPT,Accepted,JEFFERSON,US0150,,22ND,ST,N,,,,,,,38.26319228,-85.7857286,0.514,43999,1839,2,1,0,1,CLEAR,DRY,TRUE,COLLISION WITH BICYCLIST NON INTERSECTION,SINGLE VEHICLE,CURVE & LEVEL,DAYLIGHT,,,44001.36288,FALSE,7288,Accepted
26829941,0568000,LOUISVILLE METRO POLICE DEPT,Accepted,JEFFERSON,KY0061,,PRESTON,ST,S,,FETTER,,,,,38.21548023,-85.74393488,10.197,43999,1140,2,1,0,1,CLEAR,DRY,FALSE,COLLISION WITH BICYCLE IN INTERSECTION,SINGLE VEHICLE,STRAIGHT & LEVEL,DAYLIGHT,,,43999.8279,FALSE,7391,Accepted
26808765,0568000,LOUISVILLE METRO POLICE DEPT,Accepted,JEFFERSON,,,GILMORE,LN,,KY0061,PRESTON,,,,,38.17466785,-85.7127355,0.002,43994,1327,2,1,0,1,CLEAR,DRY,FALSE,COLLISION WITH BICYCLE IN INTERSECTION,SINGLE VEHICLE,STRAIGHT & LEVEL,DAYLIGHT,,,43997.4064,FALSE,7830,Accepted
26808767,0568000,LOUISVILLE METRO POLICE DEPT,Accepted,JEFFERSON,,,RIVER,RD,,,SHIRLEY,,,,,38.34353264,-85.62086121,6.46,43994,0714,2,1,0,1,CLEAR,DRY,FALSE,COLLISION WITH BICYCLE IN INTERSECTION,SINGLE VEHICLE,STRAIGHT & LEVEL,DAYLIGHT,,,43997.40663,FALSE,7839,Accepted
26808756,0568000,LOUISVILLE METRO POLICE DEPT,Accepted,JEFFERSON,,,LIME KILN,LN,,US0042,US42,,,,,38.28908356,-85.62961909,0.379,43994,1353,2,1,0,0,CLOUDY,DRY,FALSE,COLLISION WITH BICYCLE IN INTERSECTION,SINGLE VEHICLE,STRAIGHT & LEVEL,DAYLIGHT,,,43997.40594,FALSE,6456,Accepted
26808788,0568000,LOUISVILLE METRO POLICE DEPT,Accepted,JEFFERSON,,,FREEDOM,WAY,,,,,WALTER,,THOR,38.11260674,-85.6923943,0.168,43994,2039,2,1,0,1,CLEAR,DRY,FALSE,COLLISION WITH BICYCLIST NON INTERSECTION,SINGLE VEHICLE,STRAIGHT & LEVEL,DAWN,,,43997.40748,FALSE,5138,Accepted
26799278,0568000,LOUISVILLE METRO POLICE DEPT,Accepted,JEFFERSON,US0060A,,TAYLOR,BLVD,,,BERRY,,,,,38.19632361,-85.7829839,1.475,43993,1020,2,1,0,1,CLEAR,DRY,TRUE,COLLISION WITH BICYCLE IN INTERSECTION,SINGLE VEHICLE,STRAIGHT & LEVEL,DAYLIGHT,,,43994.35482,FALSE,7360,Accepted
26794995,0568000,LOUISVILLE METRO POLICE DEPT,Accepted,JEFFERSON,,3400B,SOUTHMEADE,CIR,,,,,,,,38.15501971,-85.82247632,0.077,43992,1823,2,1,0,1,CLEAR,DRY,FALSE,COLLISION WITH BICYCLIST NON INTERSECTION,SINGLE VEHICLE,STRAIGHT & LEVEL,DAYLIGHT,,,43993.3532,FALSE,7149,Accepted
26837916,0568000,LOUISVILLE METRO POLICE DEPT,Accepted,JEFFERSON,,,ASHLAND,AVE,W,KY1865,TAYLOR,,,,,38.18665389,-85.78376648,0.991,43991,1311,2,1,0,0,CLEAR,DRY,TRUE,COLLISION IN PARKING LOT,SINGLE VEHICLE,STRAIGHT & LEVEL,DAYLIGHT,,,44001.64257,FALSE,7472,Accepted
26781366,0568000,LOUISVILLE METRO POLICE DEPT,Accepted,JEFFERSON,US0031E,,BAXTER,AVE,,,PAYNE,,,,,38.24626392,-85.72897706,16.134,43987,2214,2,1,0,1,CLEAR,DRY,FALSE,COLLISION WITH BICYCLE IN INTERSECTION,SINGLE VEHICLE,STRAIGHT & LEVEL,DARK-HWY LIGHTED/ON,,,43990.34434,FALSE,5152,Accepted
26783820,0560400,SHIVELY POLICE DEPARTMENT,Accepted,JEFFERSON,US0031W,,DIXIE,HWY,,,SAN JOSE,,,,,38.17831277,-85.81859958,14.217,43987,1328,2,1,0,1,CLEAR,DRY,FALSE,COLLISION WITH BICYCLE IN INTERSECTION,SINGLE VEHICLE,STRAIGHT & LEVEL,DAYLIGHT,,,43990.82911,FALSE,7088,Accepted
26765091,0568000,LOUISVILLE METRO POLICE DEPT,Accepted,JEFFERSON,,,ST CATHERINE,ST,W,,1ST,,,,,38.23690607,-85.75510333,0.01,43981,1631,2,1,0,0,CLEAR,DRY,TRUE,COLLISION WITH PEDESTRIAN IN INTERSECTION,SINGLE VEHICLE,STRAIGHT & LEVEL,DAYLIGHT,,,43985.34269,FALSE,5186,Accepted
26761218,0568000,LOUISVILLE METRO POLICE DEPT,Accepted,JEFFERSON,,,LIBERTY,ST,E,KY0864,CHESTNUT,,,,,38.24988608,-85.73317231,1.058,43981,1845,2,1,0,1,CLEAR,DRY,FALSE,COLLISION WITH BICYCLE IN INTERSECTION,SINGLE VEHICLE,STRAIGHT & LEVEL,DAYLIGHT,,,43984.33914,FALSE,7406,Accepted
26707374,0568000,LOUISVILLE METRO POLICE DEPT,Accepted,JEFFERSON,US0031W,10307,DIXIE,HWY,,,,,,,,38.10537473,-85.86816747,8.459,43968,1133,2,1,0,0,CLEAR,DRY,FALSE,COLLISION WITH BICYCLIST NON INTERSECTION,SINGLE VEHICLE,STRAIGHT & LEVEL,DAYLIGHT,,,43969.62762,FALSE,7205,Accepted
26708048,0560400,SHIVELY POLICE DEPARTMENT,Accepted,JEFFERSON,KY1931,,7TH ST,RD,,,ARCADE,,,,,38.20982082,-85.78691676,9.613,43966,2335,2,1,0,1,RAINING,WET,FALSE,COLLISION WITH BICYCLE IN INTERSECTION,SINGLE VEHICLE,STRAIGHT & LEVEL,DARK-HWY LIGHTED/ON,,,43969.74591,FALSE,7127,Accepted
26714686,0568000,LOUISVILLE METRO POLICE DEPT,Accepted,JEFFERSON,KY0061,,PRESTON,ST,S,US0060A,EASTERN,,,,,38.21456271,-85.7430708,10.125,43966,2116,4,3,0,1,CLOUDY,WET,FALSE,COLLISION WITH BICYCLE IN INTERSECTION,ANGLE,STRAIGHT & LEVEL,DARK-HWY LIGHTED/ON,,,43971.45255,FALSE,7772,Accepted
26707319,0568000,LOUISVILLE METRO POLICE DEPT,Accepted,JEFFERSON,KY1747,,FERN VALLEY,RD,,,,,,,,38.15695359,-85.70238446,1.636,43966,1114,2,1,0,1,RAINING,WET,FALSE,COLLISION WITH BICYCLIST NON INTERSECTION,SINGLE VEHICLE,STRAIGHT & LEVEL,DAYLIGHT,,,43969.62568,FALSE,4693,Accepted
26697004,0568000,LOUISVILLE METRO POLICE DEPT,Accepted,JEFFERSON,,1015,DORSEY,LN,,,,,,,,38.26518478,-85.56399667,1.538,43965,1530,2,1,0,1,CLEAR,DRY,FALSE,COLLISION WITH BICYCLIST NON INTERSECTION,SINGLE VEHICLE,STRAIGHT & LEVEL,DAYLIGHT,,,43966.34696,FALSE,7751,Accepted
26707392,0568000,LOUISVILLE METRO POLICE DEPT,Accepted,JEFFERSON,,2710,BROADWAY,,W,,,,,,,38.24953469,-85.79705917,0.483,43964,1400,2,1,0,1,RAINING,WET,FALSE,COLLISION WITH BICYCLIST NON INTERSECTION,SINGLE VEHICLE,STRAIGHT & LEVEL,DAYLIGHT,,,43969.62852,FALSE,7241,Accepted
26689088,0560300,ST. MATTHEWS POLICE DEPARTMENT,Accepted,JEFFERSON,,3800,WILMINGTON,AVE,,,,,,,,38.25163009,-85.65755009,0.126,43963,1430,2,1,0,1,CLEAR,DRY,FALSE,COLLISION WITH BICYCLIST NON INTERSECTION,SINGLE VEHICLE,STRAIGHT & LEVEL,DAYLIGHT,,,43964.40004,FALSE,9152,Accepted
26680104,0568000,LOUISVILLE METRO POLICE DEPT,Accepted,JEFFERSON,,230,SOUTHERN HEIGHTS,AVE,E,,,,,,,38.18901342,-85.75771113,0.184,43961,1617,2,1,0,1,CLEAR,DRY,FALSE,COLLISION WITH BICYCLIST NON INTERSECTION,SINGLE VEHICLE,STRAIGHT & LEVEL,DAYLIGHT,,,43962.35639,FALSE,5052,Accepted
26673071,0568000,LOUISVILLE METRO POLICE DEPT,Accepted,JEFFERSON,,,MARKET,ST,W,,26TH,,,,,38.25953586,-85.7937498,0.397,43958,2101,3,2,0,3,CLEAR,DRY,FALSE,ANGLE COLLISION - ONE VEHICLE TURNING LEFT,ANGLE,STRAIGHT & LEVEL,DARK-HWY LIGHTED/ON,,,43959.55259,FALSE,7311,Accepted
26668730,0568000,LOUISVILLE METRO POLICE DEPT,Accepted,JEFFERSON,US0060A,,7TH ST,RD,,,,,,,,38.19674317,-85.79906835,0.588,43957,1758,2,1,0,0,CLEAR,DRY,FALSE,COLLISION WITH BICYCLIST NON INTERSECTION,SINGLE VEHICLE,STRAIGHT & LEVEL,DAYLIGHT,,,43958.38491,FALSE,7433,Accepted
26649159,0568000,LOUISVILLE METRO POLICE DEPT,Accepted,JEFFERSON,,,MARKET,ST,W,,24TH,,,,,38.25907734,-85.7898666,0.184,43951,1939,2,1,0,1,CLEAR,DRY,FALSE,COLLISION WITH BICYCLE IN INTERSECTION,SINGLE VEHICLE,STRAIGHT & LEVEL,DAYLIGHT,,,43952.28997,FALSE,7173,Accepted
26642168,0568000,LOUISVILLE METRO POLICE DEPT,Accepted,JEFFERSON,,,28TH,ST,S,,MAGAZINE,,,,,38.25201614,-85.79786088,0.624,43949,1748,2,1,0,1,CLEAR,DRY,TRUE,COLLISION WITH BICYCLE IN INTERSECTION,SINGLE VEHICLE,STRAIGHT & LEVEL,DAYLIGHT,,,43950.35511,FALSE,7361,Accepted
26645392,0568000,LOUISVILLE METRO POLICE DEPT,Accepted,JEFFERSON,KY1934,,CANE RUN,RD,,,,KY2049,CRUMS,,HARTLAGE,38.19990254,-85.83672835,9.236,43945,1554,2,1,0,1,CLEAR,DRY,TRUE,COLLISION WITH BICYCLIST NON INTERSECTION,SINGLE VEHICLE,STRAIGHT & LEVEL,DAYLIGHT,,,43951.33746,FALSE,7467,Accepted
26619034,0561000,JEFFERSONTOWN POLICE DEPT,Accepted,JEFFERSON,,,LINN STATION,RD,,,POLLITT,,,,,38.22587469,-85.56054877,2.236,43941,1935,2,1,0,0,CLEAR,DRY,FALSE,COLLISION WITH BICYCLE IN INTERSECTION,SINGLE VEHICLE,STRAIGHT & LEVEL,DAYLIGHT,,,43941.94239,FALSE,8312,Accepted
26621090,0568000,LOUISVILLE METRO POLICE DEPT,Accepted,JEFFERSON,,,ASHLAND,AVE,W,KY1865,TAYLOR,,,,,38.1866445,-85.7838017,0.993,43941,1645,2,1,0,0,CLEAR,DRY,FALSE,COLLISION WITH BICYCLE IN INTERSECTION,SINGLE VEHICLE,STRAIGHT & LEVEL,DAYLIGHT,,,43942.58731,FALSE,7402,Accepted
26617087,0568000,LOUISVILLE METRO POLICE DEPT,Accepted,JEFFERSON,,900B,CLAY,ST,S,,CALDWELL,,,,,38.23868135,-85.74260911,1.137,43937,2010,2,1,0,1,CLEAR,DRY,FALSE,COLLISION WITH BICYCLE IN INTERSECTION,SINGLE VEHICLE,STRAIGHT & LEVEL,DUSK,,,43941.41508,FALSE,5037,Accepted
26598713,0568000,LOUISVILLE METRO POLICE DEPT,Accepted,JEFFERSON,,,THORPE,DR,,,GREENVALLEY,,,,,38.23033206,-85.53491035,0.164,43931,1430,2,1,0,1,CLEAR,DRY,FALSE,COLLISION WITH BICYCLE IN INTERSECTION,SINGLE VEHICLE,STRAIGHT & GRADE,DAYLIGHT,,,43934.33863,FALSE,7018,Accepted
26587348,0568000,LOUISVILLE METRO POLICE DEPT,Accepted,JEFFERSON,,,VERMONT,AVE,,,34TH,,,,,38.25561446,-85.80738236,0.36,43928,2050,2,1,0,1,CLEAR,DRY,FALSE,COLLISION WITH BICYCLE IN INTERSECTION,SINGLE VEHICLE,STRAIGHT & LEVEL,DARK-HWY LIGHTED/ON,,,43929.34998,FALSE,7343,Accepted
26587344,0568000,LOUISVILLE METRO POLICE DEPT,Accepted,JEFFERSON,,,KENTUCKY,ST,E,KY0864,SHELBY,,,,,38.23693168,-85.74091746,0.754,43928,1500,2,1,0,1,CLEAR,DRY,FALSE,COLLISION WITH BICYCLE IN INTERSECTION,SINGLE VEHICLE,CURVE & LEVEL,DAYLIGHT,,,43929.34982,FALSE,7116,Accepted
26580869,0568000,LOUISVILLE METRO POLICE DEPT,Accepted,JEFFERSON,,,LARCHMONT,AVE,,,MONTANA,,,,,38.20699836,-85.77827636,0.116,43925,2152,2,1,0,0,CLEAR,DRY,FALSE,COLLISION WITH BICYCLE IN INTERSECTION,SINGLE VEHICLE,STRAIGHT & LEVEL,DARK-HWY LIGHTED/ON,,,43927.36349,FALSE,5183,Accepted
26504069,0568000,LOUISVILLE METRO POLICE DEPT,Accepted,JEFFERSON,,,SIDNEY PARK,DR,,KY2048,CANNONS,,,,,38.2290903,-85.65314848,0.004,43901,1740,2,1,0,0,CLOUDY,DRY,FALSE,COLLISION WITH BICYCLE IN INTERSECTION,SINGLE VEHICLE,STRAIGHT & LEVEL,DAYLIGHT,,,43902.58079,FALSE,7793,Accepted
26472150,0568000,LOUISVILLE METRO POLICE DEPT,Accepted,JEFFERSON,US0150,,BROADWAY,,W,,8TH,,,,,38.24670734,-85.76501828,2.016,43894,1654,2,1,0,1,CLOUDY,DRY,TRUE,COLLISION WITH BICYCLE IN INTERSECTION,SINGLE VEHICLE,STRAIGHT & LEVEL,DAYLIGHT,,,43896.35132,FALSE,2854,Accepted
26496366,0568000,LOUISVILLE METRO POLICE DEPT,Accepted,JEFFERSON,,,4TH,ST,S,,YORK,,,,,38.24422701,-85.75869607,0.861,43894,1327,2,1,0,1,CLOUDY,DRY,FALSE,COLLISION WITH BICYCLE IN INTERSECTION,SINGLE VEHICLE,STRAIGHT & LEVEL,DAYLIGHT,,,43901.35206,FALSE,7619,Accepted
26466026,0568000,LOUISVILLE METRO POLICE DEPT,Accepted,JEFFERSON,,,OAK,ST,W,KY1020,2ND,,,,,38.23471599,-85.7570136,0.09,43894,0747,2,1,0,0,CLOUDY,DRY,FALSE,COLLISION WITH BICYCLE IN INTERSECTION,SINGLE VEHICLE,STRAIGHT & LEVEL,DAYLIGHT,,,43895.35829,FALSE,7619,Accepted
26449166,0568000,LOUISVILLE METRO POLICE DEPT,Accepted,JEFFERSON,,,6TH,ST,S,,JEFFERSON,,,,,38.2542933,-85.76044479,0.185,43890,2042,2,1,0,1,CLEAR,DRY,FALSE,COLLISION WITH PEDESTRIAN IN INTERSECTION,SINGLE VEHICLE,STRAIGHT & LEVEL,DARK-HWY LIGHTED/ON,,,43892.37939,FALSE,5154,Accepted
26431385,0568000,LOUISVILLE METRO POLICE DEPT,Accepted,JEFFERSON,,,PHILLIPS,LN,,,,,,,,38.19002918,-85.74714369,0.271,43887,2047,2,1,0,1,CLEAR,WET,FALSE,COLLISION WITH BICYCLIST NON INTERSECTION,SINGLE VEHICLE,STRAIGHT & LEVEL,DARK-HWY LIGHTED/ON,,,43888.34293,FALSE,5252,Accepted
26425901,0568000,LOUISVILLE METRO POLICE DEPT,Accepted,JEFFERSON,,,ASHLAND,AVE,W,,,,,,,38.18667191,-85.78378806,0.991,43886,2226,2,1,0,1,CLEAR,DRY,FALSE,COLLISION WITH BICYCLIST NON INTERSECTION,SINGLE VEHICLE,STRAIGHT & LEVEL,DARK-HWY LIGHTED/ON,,,43887.34192,FALSE,7455,Accepted
26404815,0560300,ST. MATTHEWS POLICE DEPARTMENT,Accepted,JEFFERSON,,,WILLIS,AVE,,,WALLACE,,,,,38.25052639,-85.65601966,0.535,43880,1528,2,1,0,0,CLEAR,DRY,FALSE,COLLISION WITH BICYCLE IN INTERSECTION,SINGLE VEHICLE,STRAIGHT & LEVEL,DAYLIGHT,,,43882.68384,FALSE,9195,Accepted
26369474,0568000,LOUISVILLE METRO POLICE DEPT,Accepted,JEFFERSON,KY0864,,GOSS,AVE,,,HOERTZ,,,,,38.22783891,-85.73639081,14.144,43876,2326,2,1,0,0,CLEAR,DRY,TRUE,COLLISION WITH BICYCLE IN INTERSECTION,SINGLE VEHICLE,STRAIGHT & LEVEL,DARK-HWY LIGHTED/ON,,,43878.38602,FALSE,5204,Accepted
26352395,0560300,ST. MATTHEWS POLICE DEPARTMENT,Accepted,JEFFERSON,KY1447,,WESTPORT,RD,,,WESTPORT,,,,,38.2593133,-85.64315107,0.791,43875,1632,2,1,0,0,CLEAR,DRY,FALSE,COLLISION WITH BICYCLE IN INTERSECTION,SINGLE VEHICLE,STRAIGHT & LEVEL,DAYLIGHT,,,43876.61362,FALSE,9158,Accepted
26325632,0568000,LOUISVILLE METRO POLICE DEPT,Accepted,JEFFERSON,US0031E,3400,BARDSTOWN,RD,,,,,,,,38.20559372,-85.66675914,11.562,43870,1239,2,1,0,1,CLOUDY,WET,FALSE,COLLISION WITH BICYCLIST NON INTERSECTION,SINGLE VEHICLE,STRAIGHT & LEVEL,DAYLIGHT,,,43871.35556,FALSE,7448,Accepted
26299436,0568000,LOUISVILLE METRO POLICE DEPT,Accepted,JEFFERSON,,,GILMORE,LN,,,GILMORE INDUSTRIAL,,,,,38.18174944,-85.70005537,0.851,43864,1605,2,1,0,1,CLEAR,DRY,FALSE,COLLISION WITH BICYCLE IN INTERSECTION,SINGLE VEHICLE,STRAIGHT & LEVEL,DAYLIGHT,,,43865.3374,FALSE,7830,Accepted
26283903,0568000,LOUISVILLE METRO POLICE DEPT,Accepted,JEFFERSON,,,SOUTHERN,AVE,,,BEECH,,,,,38.23209503,-85.80519205,0.174,43863,2300,2,1,0,1,CLEAR,DRY,TRUE,COLLISION WITH BICYCLE IN INTERSECTION,SINGLE VEHICLE,STRAIGHT & LEVEL,DARK-HWY NOT LIGHTED,,,43864.36623,FALSE,5229,Accepted
26271843,0568000,LOUISVILLE METRO POLICE DEPT,Accepted,JEFFERSON,,,WITHERSPOON,ST,E,,FLOYD,,,,,38.25774027,-85.74753637,0.206,43860,1723,2,1,0,1,CLEAR,DRY,FALSE,COLLISION WITH BICYCLE IN INTERSECTION,SINGLE VEHICLE,STRAIGHT & LEVEL,DAYLIGHT,,,43861.3453,FALSE,5168,Accepted
26256875,0568000,LOUISVILLE METRO POLICE DEPT,Accepted,JEFFERSON,US0150,,BROADWAY,,E,,HANCOCK,,,,,38.24500893,-85.74356988,3.187,43857,1615,2,1,0,0,CLEAR,DRY,FALSE,COLLISION WITH BICYCLE IN INTERSECTION,SINGLE VEHICLE,STRAIGHT & LEVEL,DAYLIGHT,,,43858.62866,FALSE,7406,Accepted
26226225,0568000,LOUISVILLE METRO POLICE DEPT,Accepted,JEFFERSON,US0031W,,MARKET,ST,W,,,,10TH,,ROY WILKINS,38.25619265,-85.765587,21.333,43852,0545,2,1,0,1,CLEAR,DRY,TRUE,COLLISION WITH BICYCLIST NON INTERSECTION,SINGLE VEHICLE,STRAIGHT & LEVEL,DARK-HWY LIGHTED/ON,,,43852.35259,FALSE,7823,Accepted
26220362,0568000,LOUISVILLE METRO POLICE DEPT,Accepted,JEFFERSON,,,RIVER PARK,DR,,,32ND,,,,,38.25422012,-85.80529103,1.189,43843,0857,2,1,0,1,CLEAR,DRY,FALSE,COLLISION WITH PEDESTRIAN IN INTERSECTION,SINGLE VEHICLE,STRAIGHT & LEVEL,DAYLIGHT,,,43851.39093,FALSE,7469,Accepted
26179796,0568000,LOUISVILLE METRO POLICE DEPT,Accepted,JEFFERSON,,,UPPER HUNTERS,TRCE,,,GRASTON,,,,,38.16834987,-85.83535728,0.372,43841,1837,2,1,0,1,RAINING,WET,FALSE,COLLISION WITH BICYCLE IN INTERSECTION,SINGLE VEHICLE,CURVE & LEVEL,DARK-HWY LIGHTED/ON,,,43843.3613,FALSE,5212,Accepted
26162944,0568000,LOUISVILLE METRO POLICE DEPT,Accepted,JEFFERSON,KY1865,,NEW CUT,RD,,,,,,,,38.15006066,-85.77631552,2.902,43838,1705,2,1,0,0,CLEAR,DRY,FALSE,COLLISION IN PARKING LOT,SINGLE VEHICLE,STRAIGHT & LEVEL,DAYLIGHT,,,43839.34876,FALSE,7234,Accepted